"","Word_Malagasy"
"1","H"
"2","0"
"3","FIA"
"4","fia VARILAVA"
"5","ND"
"6","JARIFY"
"7","F"
"8","LOMOTSE"
"9","HORITA"
"10","GOGO"
"11","BOZIKE"
"12","VARILAVA"
"13","LAMERA"
"14","TOHO"
"15","SAPIATA"
"16","JOGINY"
"17","TSITSIKE"
"18","BEJA"
"19","JOKO"
"20","ANGISY"
"21","VAREVEK"
"22","FAY RARA"
"23","FIIA TOHO"
"24","FIA TSONTSO"
"25","FIA "
"26","FELA"
"27","FIA FITSE"
"28","FITSE"
"29","DRAGON"
"30","ZANGA"
"31","DORILISY"
"32","ZAGO"
"33","KABO"
"34","ZOMALY "
"35","zanga BENONO"
"36","BENONO"
"37","ZANGA FOTITSETSAKE"
"38","ZANGA FOTY"
"39","DOROLISY"
"40","LANILAY"
"41","LANGOUSTA"
"42","FIA BODOLOHA"
"43","FAY"
"44","ZANGA TRONKENA"
"45","ZANGA PITIKE"
"46","TSONTSO"
"47","SOROBOA"
"48","BETAMPY"
"49","LAMATSA"
"50","LOVO"
"51","LAFO"
"52","TAKALO"
"53","LANORA"
"54","VOTSANJA"
"55","SORONALY"
"56","TAMBOKY"
"57","ANTSERAKE"
"58","FIA KIMBOROKE"
"59","LOVOHARA"
"60","BODOLOHA"
"61","FIA ANGY"
"62","SARIGEBA"
"63","MOROY"
"64","LANILANY"
"65","VARAVARA"
"66","AMBARIAKE"
"67","FIANTSOFA"
"68","AMATO"
"69","TSABEAKE"
"70","SORONALE"
"71","FIA MAINTY"
"72","ANGY"
"73","A"
"74","L"
"75","Z"
"76","H.F"
"77","A "
"78",""
"79","B"
"80","b"
"81","FIA BANA"
"82","F.tsabeaky"
"83","F.voramasaky"
"84","Kapilany"
"85","F.be"
"86","F.mainty"
"87","F.maliniky"
"88","F.tsiameareny"
"89","F.aloalo"
"90","F.Tsifa"
"91","F.soroboa"
"92","F.gogo"
"93","F.tsoy"
"94","F.bodoloha"
"95","F.foty"
"96","Boziky"
"97","F.lanora"
"98","fay"
"99","H.nakora"
"100","F.savisavy"
"101","H "
"102","H  "
"103","F.tabake"
"104","F.voramasake"
"105","F.tsifa"
"106","f.lovo"
"107","Drakake"
"108","F.valala"
"109","F.lamatra"
"110","F.angy"
"111","F,foty"
"112","H nakora"
"113","zanga zomaly"
"114","Beja"
"115","F.tsameareny"
"116","F.sapiata"
"117","Zanga benono"
"118","F.bondro"
"119","Lamera"
"120","Fay"
"121","F.lovohara"
"122","Tsiysike"
"123","F.lovo"
"124","Zanga dorlisy"
"125","Bboziky/joka"
"126","F.kinirike"
"127","F.aloalo kely"
"128","F.aloalo be"
"129","F.kely terake"
"130","Tsitsike"
"131","H/soroboa"
"132","F.aloalo  "
"133","F.tsoymalinike"
"134","F.fotihohy"
"135","F "
"136","zanga   "
"137","E"
"138","F.tsoy "
"139","F.llanora"
"140","F.lovo "
"141","Bindra/horita"
"142","Liva/horita"
"143","Fay sify"
"144","F.kapiteny"
"145","Takalo"
"146","F.kabo"
"147","Morosy"
"148","F.lanilany"
"149","F.anterake"
"150","f.foty"
"151","Zanga zomaly"
"152","F.Mainte"
"153","F.Babake"
"154","F.Votso"
"155","Fay  "
"156","F.Bondro"
"157","H.Nakora"
"158","F.Tsabeake"
"159","F.Voramasake"
"160","F.Tsoraby"
"161","F.Amporama"
"162","F.Tsirimpaosa"
"163","F.Menasofy"
"164","F.Tsoy"
"165","F.Fitse"
"166","F.Tabake"
"167","F.Tsokahitse"
"168","F.Kifalaotse"
"169","F.Ampoza"
"170","F.Savesave"
"171","F.Bodoloha"
"172","F.Tsara"
"173","F.Fotihohy"
"174","F.Antsisy"
"175","F.Mahaloky"
"176","H.Nakorra"
"177","F.Abitsy"
"178","F.Toho"
"179","F.Mena"
"180","f.Tsirimpaosa"
"181","F.Apoza"
"182","F.Amboroy"
"183","F.Votosaka"
"184","F.Varevike"
"185","F.Tapaporoha"
"186","F.Gogo"
"187","F.Lafo"
"188","F.Varavara"
"189","F.Lamatsa"
"190","F.Joginy"
"191","F.Mpivondrake"
"192","H Nakora"
"193","Bozike"
"194","F.Soronale"
"195","F.bemaso"
"196","F.Malily"
"197","L "
"198","F.Mena "
"199","F.Ambitsy"
"200","F.Ambory"
"201","F.Angelike"
"202","F.Lanora"
"203","F.Kapoake"
"204","F.Angerera"
"205","F.A.Angy"
"206","F.Tsoy Antsisy"
"207","F.Lavanify"
"208","F.Molonto"
"209","F.Ambariake"
"210","F.varivike"
"211","F.Taratake"
"212","F.Leme"
"213","F.Valala"
"214","F.votsandra"
"215","Fay rara"
"216","Bozike Joka"
"217","f.tsiamearene"
"218","F.Rara"
"219","F.Lovohara"
"220","f.Bemaso"
"221","F.Dabandriake"
"222","F.Tsobariake"
"223","F.Lamatra"
"224","F.tsamearene"
"225","F.Mantafao"
"226","F.Tririmpaosa"
"227","F.TALANTARA"
"228","F.TsoyMalinike"
"229","F.Aloalo"
"230","F.anak'ampoza"
"231","F.MENA BEMASO"
"232","F.Aterake"
"233","Zanga Dorilisy"
"234","F.Mandrendre"
"235","F.TsoyMaliniky"
"236","F.Mandredre"
"237","Bozike Jonka"
"238","F.Mangerelavenoke"
"239","F.Bemaso Mena"
"240","F.Tsoy malinike"
"241","F.Baboke"
"242","Fay Rara"
"243","f.votsandra"
"244","Zanga Benono"
"245","Fay Sify"
"246","F.Moroy"
"247","F.Ampase"
"248","fF.Ongike"
"249","Fay Foty"
"250","F.Tsoy rotse"
"251","F.vontso"
"252","F.Mena  "
"253","F.Ambatsoy"
"254","F.Vorramasake"
"255","f.v0ramasake"
"256","F.Tsaramatseroke"
"257","F.Ambitsozo"
"258","F.varevike"
"259","f.Bodoloha"
"260","F.Amongo"
"261","Boz ike"
"262","f.tsoy  "
"263","f.Angerera"
"264","F.Kabo"
"265","F.Tsabeaky"
"266","F,Tsoraby"
"267","F.Tsamearene"
"268","Fay Andema"
"269","F.Votsandra"
"270","Zanga Foty"
"271","F.BOdoloha"
"272","F.Tona"
"273","Zanga Tsokena"
"274","Zanga Zomaly"
"275","F,Tsifa"
"276","Zangambato"
"277","bokahi"
"278","F.tsabeake"
"279","F.mainte"
"280","voramasake"
"281","F.joginy"
"282","F.maite"
"283","F.fitse"
"284","F.tsipa"
"285","lamatra"
"286","F.mena"
"287","F.lovo sara"
"288","F.tsifaH"
"289","F.tsokahitse"
"290","F.toho"
"291","F.tsara"
"292","F.tsoraby"
"293","F.antsisy"
"294","F..savesave"
"295","F.savesave"
"296","F.lovoho"
"297","f.toho"
"298","F.areloha"
"299","F.mainte "
"300","F.lavanify"
"301","F.sakavoto"
"302","F.tabike"
"303","F.leontine"
"304","F.antisy"
"305","F.angelike"
"306","F.tsikahitse"
"307","F.menasofy"
"308","F.baboke"
"309","F.tsirimpaosa"
"310","M.malily"
"311","F.rara"
"312","F.fsifa"
"313","F.taramatse"
"314","F.voramadake"
"315","F.timatipaosa"
"316","F.tapaporoha"
"317","F.andrarame"
"318","F.lovonakanga"
"319","F.savesae"
"320","F.mante"
"321","F;savesave"
"322","F;bodoloha"
"323","F.amporama"
"324","F.tsfa"
"325","F.ongike"
"326","F.tsokahita"
"327","F.antssy"
"328","Angisy dolo"
"329","Fmainte"
"330","n"
"331","F.tsokahite"
"332","G"
"333","h"
"334","f"
"335","a"
"336","BOZIKE MENA"
"337","F.FOTIHOHY"
"338","H.NAKORA"
"339","F.TSARA"
"340","F.TABAKE"
"341","F.TOHO"
"342","F.TSIFA"
"343","BOZIKE JONKA"
"344","F.TSIAMBOLOMASO"
"345","F.MENASOFY"
"346","F.AMBORY"
"347","F.TSONTSO"
"348","F.SAVESAVE"
"349","F.BODOLOHA"
"350","ANGISIM-BATO"
"351","F.TSOY MALINIKE"
"352","F.AMBITSY"
"353","F.LANORA"
"354","F.TSOY "
"355","F.VORAMASAKE"
"356","F.VAREVIKE"
"357","F.TSOY"
"358","F.LANILANY"
"359","LAMERAN-KENA"
"360","LAMERA TANAMPANO"
"361","LANGOSTE"
"362","F.MBONDRO"
"363","HORITA "
"364","F.AMBARIAKE"
"365","F.AMPOZA"
"366","BOZIKE "
"367","F.SORONALE"
"368","F.JOGINY"
"369","F.TSIRIMPAQSA"
"370","F.MOLONTO"
"371","F.DABANDRIAKE"
"372","F.TSIRIMPAOSA"
"373","F.NAOMBE"
"374","HORILE"
"375","Z.JOMALY"
"376","F.MANDRENDRE"
"377","H.NAOMBE"
"378","F.TONA"
"379","HORIA"
"380","F.ANTSISY"
"381","F2"
"382","F3"
"383","lamera"
"384","Gogo"
"385","F1"
"386","f.valala"
"387","Mamilaotse"
"388","bozike"
"389","vary lary"
"390","benono"
"391","Naholok"
"392","tabaky"
"393","gogo"
"394","sapiata"
"395","sampiata"
"396","Varilava"
"397","tsitsike"
"398","drakake"
"399","fay rara"
"400","mabolotsetaly"
"401","gamo"
"402","F.antseraky"
"403","geba"
"404","F.mandreandovoke"
"405","F.boloha"
"406","F.savesavy"
"407","zanga"
"408","dakake"
"409","dorilisy"
"410","H.nakoho"
"411","H nakoho"
"412","F;be"
"413","zanga dorolisy"
"414","F.kapitene"
"415","F.ambariake"
"416","F.tsiripaosa"
"417","zanga benono"
"418",""
"419","ZANGA"
"420","ZANGA "
"421","LAMERA"
"422","ZANGA 1"
"423","ZANGA 4"
"424","BOZIKE"
"425","GOGO"
"426","TSITSIKE"
"427","FIA"
"428","HORITA"
"429","FIAMPOTY"
"430","LEJALEJA"
"431","T SITSIKE"
"432","ANGISY"
"433","zanga BENONO"
"434","BEJA"
"435","ZANGA DORILISY"
"436","FAY RARA"
"437","ZOMALY"
"438","MOROY"
"439","FAY"
"440","ZANGA JOGINY"
"441","ZOMALY "
"442","DORILISY"
"443","SOROB OA"
"444","FELA"
"445","TSONTSO"
"446","DRAGON"
"447","HOVOHOVO"
"448","ZANGA FOTY"
"449","TOHO"
"450","ZANGA FALALIJAKY"
"451","KABOKE"
"452","HEBOTSE"
"453","BENONO"
"454","FIA TSONTSO"
"455","ZANGA TRONKENA"
"456","TRONKENA"
"457","LANILANY"
"458","LANGOUSTA"
"459","FALALIJAKY"
"460","BODOLOHA"
"461","DOROLISY"
"462","TABOKINA"
"463","FIANTSIFA"
"464","JONKA"
"465","TAKALO"
"466","SOROBOA"
"467","NJONKA"
"468","BETAMPE"
"469","ANTSIVA"
"470","LIVA"
"471","ANTSERAKE"
"472","TONA"
"473","SOKY"
"474","LAMATSA"
"475","HIMA"
"476","LANORA"
"477","LAFO"
"478","ANJARAME"
"479","KABOKABOKE"
"480","AKORA"
"481","KAMBO"
"482","HAMBY"
"483","LOVOHARA"
"484","ZANGA FOTITSETSAKE"
"485","ZANGA BENONO"
"486","TAMBOKINY"
"487","ZANGA TSONKENA"
"488","AMBORAMASAKY"
"489","VOTSANJA"
"490","SORONALE"
"491","BOTANA"
"492","SOROBOAE"
"493","FITSATSAKE"
"494","AMPORAMA"
"495","KINIRIKE"
"496","TSONKENA"
"497","KOKIAZY"
"498","FIA MPILEVE"
"499","FAY TATAMA"
"500","MATAFAO"
"501","LEME"
"502","AMBATSOY"
"503","MANTAFAO"
"504","MANDRENDRE"
"505","TSORABY"
"506","TSOY"
"507","FOTITSETSAKE"
"508","110"
"509","2"
"510","1"
"511","66"
"512","5"
"513","3"
"514","10"
"515","4"
"516","7"
"517","38"
"518","11"
"519","ZAN GA b"
"520","ZANGA b"
"521","ZANGA JOMALY"
"522","ZANGA do"
"523","ZANGA BENONOI"
"524","Boziky"
"525","F2"
"526","zanga"
"527","F"
"528","F.mainty"
"529","H"
"530","fano be"
"531","F.lovo"
"532","F.foty"
"533","A"
"534","F  "
"535","Lamera"
"536","F.toho"
"537","Drakake"
"538","F.tsontso"
"539","Beja"
"540","zanga zomaly"
"541","zanga benono"
"542","F.ledraledra"
"543","lamera"
"544","Zanga kida"
"545","Zanga tsokena"
"546","Zanga dorlisy"
"547","Zanga benono"
"548","zanga   "
"549","bozike"
"550","fay rara"
"551","Zanga mainte"
"552","H kely"
"553","H  "
"554","2anga"
"555","H   "
"556","F.foyy"
"557","Zanga potike"
"558","Zanga foty"
"559","F.moroy"
"560","F.kabo"
"561","Tsaiso"
"562","Votsandra"
"563","Takaho"
"564","F.aloalo"
"565","Liva"
"566","Antsive"
"567","F.Antserake"
"568","A "
"569","F.bodoloha"
"570","F.soroboa"
"571","Zanga"
"572","F.ledra"
"573","F.lanora"
"574","F.voramasake"
"575","zanga tsokena"
"576","Benono"
"577","Dorlisy"
"578","F.Mainte"
"579","F.Tsifa"
"580","Soroboa"
"581","Zangambato"
"582","Zanga zomaly"
"583","ZangaZomaly"
"584","F.Kabo"
"585","Drango"
"586","Bozike"
"587","Fay Rara"
"588","Zanga Benono"
"589","Fay foty"
"590","Zanga Mainte"
"591","Zanga Tsokena"
"592","Zanga   "
"593","Ledraledra"
"594","Bbzike"
"595","Zanga totitsetsake"
"596","Zanga Zomaly"
"597","Zagz tsokena"
"598","Zanga Dorlisy"
"599","Fay Foty"
"600","Zanga Fotitsetsake"
"601","Zangatsokena"
"602","H.nakora"
"603","zanga Dorolisy"
"604","Zanga Trikitera"
"605","Zangafotitsetsake"
"606","B0zike"
"607","Z.Fotitsetseke"
"608","Zanga Dorilisy"
"609","Zanga Foty"
"610","ZangaTsokena"
"611","Zanga Tarike"
"612","ZangaBenono"
"613","Zangatotitsetsake"
"614","Fay Vanda"
"615","ZangaDorlisy"
"616","dorolisy"
"617","zanga ts.k"
"618","zanga J.m"
"619","zanga foty"
"620","benja"
"621","zanga trikitera"
"622","zanga foty tsetsake"
"623","zanga J.M"
"624","fay foty"
"625","zanga TSE.K"
"626","zanga mainte"
"627","zana benono"
"628","zanga TS.K"
"629","zanga.b.N"
"630","zanga b.n"
"631","zanga b.N"
"632","zanga kalalijake"
"633","F.kabokaboke"
"634","Zanga b.N"
"635","beja"
"636","zanga J.be"
"637","dorilisy"
"638","Zanga Z.M"
"639","J.M Zanga "
"640","TS-Ka Zanga"
"641","Maite Zanga "
"642","b.N Zanga"
"643","J-M Zanga"
"644","B.N Zanga "
"645","Fay"
"646","Rasa Fay "
"647","Tsoken Zanga"
"648","B.N Zanga"
"649","b.N Zanga "
"650","Beja "
"651","Belamera"
"652","Ts.K Zanga"
"653","F.T Zanga "
"654","F.N Zanga"
"655","J.B Zanga"
"656","Fala Zanga"
"657","  TS.K ZANGA"
"658","Dramgo"
"659","Voloso"
"660","Anakake "
"661","J.M Zanga"
"662","F.T Zanga"
"663","Bozike "
"664","TS.k Zanga"
"665","drakake"
"666","Moroy "
"667","drange"
"668","drango"
"669","Rara Fay"
"670","Z.FOTITSETSAKE"
"671","Z.JOMALY"
"672","VOLOSO"
"673","Z.TSOKENA"
"674","Z.BENONO"
"675","DRANGO"
"676","F.TSONTSO"
"677","BOZIKE JONKA"
"678","FAY FOTY"
"679","KABOKINA"
"680","Z.DORLISY"
"681","TANDALY"
"682","Z.TRIKITERE"
"683","Z.TSO2"
"684","F.KABOKE"
"685","Z.TSOHENA"
"686","fia"
"687","boziky"
"688","sanga"
"689","zomaly"
"690","tsontso"
"691","toho"
"692","gogo"
"693","soroboa"
"694","Lamatra"
"695","sohaba"
"696","soke"
"697","horita"
"698","zana"
"699","zaga"
"700","fay"
"701","valala"
"702","angisy"
"703","benono"
"704","Zanga dorolisy"
"705","votsoda"
"706","tsoka"
"707","katsa"
"708","zanga trokena"
"709","lapo"
"710","Angindolo"
"711","kabo"
"712","fia lame"
"713","dorote"
"714","F.tsifa"
"715","fa gitara"
"716","F.mainte"
"717","tsabeaky"
"718","drakaky"
"719","F.angy"
"720","tsitsiky"
"721","lovobe"
"722","F.tabake"
"723","zanga dorolisy"
"724","lanatra"
"725","haby"
"726","ledrale"
"727","zangabenono"
"728","Zanga dorilisy"
"729","zanga F.TS"
"730","zamaly Z.M"
"731","zanga Z.M"
"732",""
"733","zanga BENONO"
"734","ZANGA"
"735","10000"
"736","BOZIKE"
"737","FIA"
"738","ZOMALY"
"739","DOROLISY"
"740","BENONO"
"741","BEJA"
"742","BETAMPY"
"743","ZANGA BOROSY"
"744","HIMA"
"745","TOHO"
"746","SOKY"
"747","ANTSIVA"
"748","LAMERA"
"749","BETAMPE"
"750","DORILISY"
"751","JONKA"
"752","KOKIAZY"
"753","4"
"754","DRAGON"
"755","Boziky"
"756","zanga"
"757","Zanga foty"
"758","zanga zomaly"
"759","Zanga benono"
"760","Zanga tsokena"
"761","Beja"
"762","zanga   "
"763","Zanga dorlisy"
"764","zanga benono"
"765","zanga folera"
"766","Zanga zomaly"
"767","0"
"768","soke"
"769","benono"
"770","Zanga"
"771","soroboa"
"772","zanga tsokena"
"773","dorolisy"
"774","zanga dorolisy"
"775",NA
"776",NA
