Word (MG),Word (ENG),In data examples,Source,Possible Local Name
Fishing gears,,"""JARIFY"", ""G"", ""Naholok"", “2, ""O"",  ""HARATO,MAKARAKARA,VOLOSO,MANAMBAITSE"", ""Voloso"" ",,
NAs,,"""ND"" , ""0"" , ""n"", ""NA""",,
Different species of fish,,KARAZAM-PIA,,
,Fish,VOLOMBOTO,,
,,"""bokahi""",,
,,"""MISORA""",,
,,"""TAY""",,
Fishing spots,," ""ANTSORIMPASE""",,
Fishing spots,," ""Belamera"",  ",,
,,?OSORA,,
,," ""mabolotsetaly""",,
,,"""TSAIKEMENA""",,
,Fish,Mamilaotse,,
,Fish," ""MPANISY""",,
,Fish,TANDALY,,
,Fish,TANELAKY ,,
,Fish,AOMBILAHINJIAKE,,
,Fish," ""FIA KALOKA""",,
,Fish," ""KIBOROTRATRA""",,
,Cantherhines pardalis or Cantherhines dumerilii," ""AMBILA""",,
,Zebrasoma desjardinii,FIA AROTSY,,Erotse
,Fish,"""Tsaiso""",,
,Shark," ""HIAHIA""",,
,Fish,"""ANTSEARAKANTSIVA""",,
,Fish," ""FIA LOGY""",,Logy
,Fish," ""FIA MASIAKE""",,Fiamasiaky
,Fish,"FIANAOBE,TIANAOBE",,
,Fish," ""LOGIMBATO""",,
,Fish," ""VERAVERA SONY""",,
,Fish," ""VALOTAMPAKE""",,
,Fish,"""VANGO""",,
,Shell," ""TSILATSILATSE""",,
,Fish," ""KELEBELOHA""",,
,Fish,MOTOLO,,"""Molonto"",""Moloto"""
Horita,Octopus,"""H"" , ""HORITA"" , ""Bindra/horita"",""h"", ""H"", ""H "", ""H  "", ""H.F"", ""H nakoho"", ""H.AKOHO"", ""H.nakoho"", ""H.NAOMBE"", ""H/soroboa"", ""HORIA"", ""HORILE"", ""HORITA"", ""HORITA "", ""Liva/horita"", ""H   "", ""H kely"", ""horita"", ""H ORITA"", ""HINTA"", ""HITA"", ""HORIITA"", ""HORITANALE""  ",,
,," ""HEBOTSE"",",,lafo
,," ""lapo""",,
Fia,Fish,"""FIA"", ""F"", ""f"", ""F"",""F "", ""F1"", ""F2"", ""F3"", ""FIA"", ""FIA "", ""F  "", ""fia"" , ""F.Ampase"" ,  ""F;be"", , ""FIAMPOTY"",",,
,Fish,"F.Amongo, ",,
,Fish,"F.Mpivondrake, ",,
,Fish,F.TSIAMBOLOMASO,,
,Fish,"F.taramatse,",,
,Ray,"fa gitara,",,
,Fish,fia lame,,
,Fish," ""F.TALANTARA"",  ",,
,Fish,FIANTSOFA,,
,Fish," ""FIA KIMBOROKE"", ",,
,Fish,"F.ANTSIRIMPOTAKE,",,
,Fish,"F.Mangerelavenoke”,",,
,Fish,"F.NAOMBE,",,
,,"FIA BANA, ",,
,," ""F.andrarame"",",,"""Anjarame"", ""Anjaramy"""
Varilava,"Fish, small, like shrimp","""fia VARILAVA"", ""fia VARILAVA"", ""Varilava"", ""VARILAVA"", ""vary lary"", ""MARILAVA"" ",,
Lomots,Seaweed,"""LOMOTSE"",  ""OMOTSE""",Caitlin,
,,"LELAMIOTSE,",,
Angisy,Squid,"""a"", ""A"", ""A "", ""angisy"",  ",,
,Fish,"AMPOZO""",,Ampozo
,Fish," ""ANGY, ""ANGY",,Angy 
,Fish,"ANGIVOLA, ""ANGY VOLA"",",,Angy vola
Behara,Fish,"""A.BEHARA""",,Fia behara
,Shell," ""BETAMPY"", ""BETAMPE"", ""BEMAMPE"", ""BENTAPE"", ""BETABE"", ""BETAMPE ""  ",,
Amato,Redaxil emperor/ Lethrinus conchyliatus,"""AMATO""",Caitlin,Amato
Ambariake,Gerres acinaces/ strongspine silver biddy,"""AMBARIAKE""",Caitlin,"""Ambariake"",""Ambariaka"""
Angisy,Squid," ""ANGISY"", ""ANGSY""",Anira,
Angisy,Squid,"Angisy dolo, ""ANGISINDOLO"", ""A.NDOLO"",  ""ANGISIM-BATO"",ANGI-BATO, ""ANGIM-BATO"", ""NGISIMBATO"",Angindolo, ANDISINDOLO",,
,Fish,"ANGY, ""F.A.Angy"",",,"""Angy"""
Akio,Shark,"""AKIO""",,
Akio,Shark," ""AKIO VIKO"", ""AKIO VIKOI"", ""AKIOVIKO""",,
Akio,Shark,AKIO FOTY,,
Akio,Shark,AKIO SATIRA,,
Anteseradava,Fish,"""ANTSEDAVA"", ""ANTSERA-DAVA"", ""ANTSERADAVA"", ""ANTSERADAVA "" , ""ANTSERANDAVA"", ""ATSERADAVA""",,"""Antserake Antsivo"""
Anteserakantsiva,Fish,"""ANTSERAK'ANTSIVA"", ""ANTSERAKANTSIVA"", ""ANTSERAKATSIVA"", ""ANTSERANANTSIVA"" , ""ANTSORA-KATSIVA"", ""NTSERAKANTSIVA""",,"""Antserake Antsivo"""
Antserampohe,,"""ANTSEPOHE"", ""ANTSERAMPOHE"" , ""ANTSERAPOHE"", ""ANTSERAPOHY"", ""ANTSERAPOLE"", ""ANTSERAPOTY""",,"""Antserake Antsivo"""
,Fish,"""FIANDAVENOKE""",,
Dangarode,Fish,"""BANGA"", ""BANGARODE""  , ""DANGARODE"", ""DANGAROE""",,
Badiga,Fish,"""BADIGA"", ""BADIGA "", ""BADIGA , ""BADIKA""   ",,
Bosiry,Fish,"""BORISY"", ""BOROSY"",  ""BOSIRY"", ""FIA BOSIRY""",,Bosiry
,,"LEME"",LEME""",,"""Leme"",""Lemy """
Dangarohake,Shell," ""DANGAROAKE"", ""DANGAROHAKE""",,
,Seahorse,DARANGO,,
,Ark clams,"""DIRIKE"", ""DIVIKE"",DIVIKE"",",,
,Belt fish," ""FIA DANDEZO"",""DANDEZO""",,
Boalimena,Fish,"""BOALIMENA"", ""BOALIMENA NA DANGARODE"", ""BOALY""",,"""Boalimena"""
Faigitara,Ray,"""FAIGITARA"", ""FAIRARA"", ""FANIGITARA"", ""FIAGITARA""",,
Fia Antsomotse,,"""FIANDIMOTSE"", ""FIANTSOMOTSE"", ""FONONDOMOTSE""",,"""fiantsomotse"",""Fiantsomotse"",""Fiantsootse"""
Gamo,,"""FIA GAMO"", ""gamo"", ""FIAGAMO""",,"""Gamo"",""Gamo mandritsiamintsalotse"",""Gamo/Pareabava"""
Horita Dolo,Octopus macropus,"""HORITA NDOLO"", ""HORITAMDOLO"", ""HORITAN-DOLO"", ""HORITAN DOLO"", ""HORITANDOLO"", ""HORITNDOLO"" ",,
Hambitsozo,,"""HAMBINTSOZO"", ""HAMBITSOZO""",,Hamby
,,"""JOHO"", ""JONJA"",   ""JOKO""",,Joho
Jagarode,Fish,"""JAGARODE"", ""JANGARODE""",,
Jakake,Crab,"""JAKAAKE"", ""JAKAKE"", ""JAKAKE 18"", ""JAKAKE, FELA"", ""JIKE""",,
Kapike,,"""KAPIAKE"", ""KAPIKE"",""KAPOAKE"", ""KAPOKE""",,
,,"JONKA"",""JOKA""",,
,Cypraediae/ cowries,katsa,,
,Shell,", ""KAPILA"", ""KAPILA "", ""KAPILA",,
,,"""KARO"" ",,
,," ""KAROTE""",,
Beja,Cypaeacassis rufa," BEJA"" ",,
Katra,Cypraediae/ cowries,"KATRA , ""KATRA,""KATRA""",,
Kiloka,," ""KILIKA"", ""KILOHA"", ""KILOKA"", ""KILOKA "",  ""KODA"", ""KOLOKA"",  ",,
,Cypraediae/ cowries," ""HATSA""",,
,,"KIMIRIKE, ""KIMIRIKE""",,Kinirike
Leontiny,,"""LENTINY"", ""LEONTINY"", ""LIONTINY"", ""F.leontine""",,
Mafihara,Fish,"""MAFIHARA"", ""MAFIHARA,  ""MAHIFARA""  ",,
,,"""FIAMBONJO""",,"""Fiambondro"",""Fiambondro bemaso"",""Fiambondro mena"",""Fiambondro sarijoho"",""Fiambondro sarilafo"",""Fiambondro sarilovo"",""Mbondro"""
Malongy,Fish,MAHALOGY,,Mahalogy
,Fish," ""F.Mahaloky""",,"""Mahaloky"",""Mahaloky bemaso"""
,,"MALONGY, ""MALONGY"", ",,
,," ""MAROMOGNE"", ""MARONOGNE""",,
Mandriandovoke,Fish," ""FIA MANDRIANDOVOKE"", ""MAJANDOVOKE"" ""MAJANDOVOKE"", ""MANDRANDOVOKE"", ""MANDRIANDOVOKE"",""MANJANDOVOKE"", ""MANJIANDOVOKE""",,
,Fish,"MANGERELAVENOKE, ""MANGERILAVELONE"", ""MANGERILAVENOKE"", ""MANGERILAVENOKE/TARATAKE""",,
,,MANDREANDREA,,
Panisy,Fish,"""PANIISY"", ""PANISY"", ""PANISY",,
,Fish,"ANGY""",,"""anginkara"",""Anginkara"",""Angintsoy"",""Angihoala"""
Mosora,,"""MOSORA"" ,  ""MOSORS""",,
Sarobe,Fish,"""SAROBE"", ""SAROLE"",",,Sarobe
,," ""SORALY"", ""SORANALY"", ""SORIALY"", ""SOROALY"" ",,Soronale
Soana,,"""SOAGNA"", ""SOANA""",,
,Fish," ""SOANADA"" ",,
Tampampandra,,"""TAMPAMPANDRA"", ""TAMPAMPOROHA"", ""TAMPAPOROHA""",,Taporoha
Paraki Hosoke,Parakihosoke,"""PARAKIHOSOKE"" , ""PARAKY HOSOKE"" ",,
Tapaporaha,,"""TAPAPORAHA"", ""TAPAPOROHA"", ""TAPAPOROKA""",,
Tsiomarene,,"""TSIOMARENE"", ""TSIOMEARENE"", ""TSIONERANE"", ""TSOIMARE"", ""TSOIMARENE"", ""TSOMEAROE""     ",,"""Tsomeareny"", ""Tsomiariny"""
,,"TSIOMENA, ""TSOIKE MENA"", ""TSOIMENA"",",,Tsoy
Vatsitsa,Fish," ""F.VATSITSA"", ""VATRITRA"", ""VATRITSA"", ""VATSITSA"" ",,
Volompihamitse,Fish,"""VOLAMPIHAMITSE"", ""VOLATAITSE"", ""VOLOMPIHAMITS"", ""VOLOMPIHAMITSE"", ""VOLOMPIHAMY""",,
Anadanora,,"""ANA-DANORA"", ""ANADANORA"", ""ARADANORA""",,
Antseraky,Black-barred halfbeak/ hemiramphus far,"""ANTSERAKE"", ""F.anterake"", ""F.ANTSERAKE"", ""F.antseraky"", ""F.Antserake"", ""ATSERAKE""",Caitlin,
,,"TSOOIKE,",,Tsoy
,," ""TSABEABATO"" ",,Tsabeake
,," ""AVORAKE"" ",,
,Cypraediae/ cowries," ""TSOKARIKE""",,
,,TSORAKY ,,
Bozike,Chicoreus ramosus,"""b"",""B"", ""Bboziky/joka"", ""BETAMPY"", ""Boz ike"",   ""bozike"",  ""Bozike"" , ""BOZIKE"", ""BOZIKE "", ""Bozike Joka"" ,   ""Bozike Jonka""  ,  ""BOZIKE JONKA"", ""BOZIKE MENA"", ""Boziky"" , ""B0zike"", ""Bbzike"", ""BOZIDN-AHY"", ""Bozike "", ""BOZIKE 1"", ""BOZIKE 5"", ""BOZIKE.JONKA"", ""BOZIKE30"", ""boziky"", ""JONKA"", ""NJONKA"", ""BOBIKE"", ""BODIGA"", ""BOJA"", ""BOKIKE"", ""BOZIKA"", ""BOZIKE, HOVOHOVO"", ""BOZITSE"" , BOZIKE"",.BOZIKE"", ",Caitlin,
Beja,Bull-mouth helmet/ cypaeacassis rufa,"""Beja"", ""BEJA"", ""beja"", ""Beja "", ""benja"", ""BEJA, ""BEJA ""BELA"" , ""BEZA""",BV,
,,", TABOKINA"",",,
,Sea Cucumber,"“Z"", ""Z.JOMALY"", ""Z"", ""Z.JOMALY"", ""zanga zomaly"", ""Zanga zomaly"", ""Zanga Zomaly"", ""ZOMALY "",""ZangaZomaly"", ""zamaly Z.M"",  ""ZOMALY"", ""zomaly"",""ZANGA JOMALY"",",,
Zanga,Sea Cucumber,"""ZAGO"", ""zanga"", ""ZANGA"", ""zanga   "", ""ZANGA PITIKE"", , ""  TS.K ZANGA"", ""2anga"", ""F.N Zanga"", ""F.T Zanga"", ""F.T Zanga "", ""Fala Zanga"", ""J.B Zanga"", ""J.M Zanga"", ""J.M Zanga "", ""J-M Zanga"", ""Maite Zanga "", ""sanga"", ""Z 10"", ""Z. FALA"", ""Z.FOLERA"", ""ZANGA DRAGON  "", ""Z.TARIKE"", ""Z.TONA"", ""zaga"", ""ZAGA"", ""zana"", ""Zanga"", ""ZANGA "", ""Zanga   "", ""ZANGA 1"", ""ZANGA 4"", ""ZANGA 6"",  , ""zanga J.be"", ""zanga J.m"", ""zanga J.M"", ""Zanga kida"", ""Zanga mainte"",""Zanga Mainte"", ""zanga mainte"", ""Zanga potike"", ""ZANGA S.N"", ""ZANGA SONO"", ""Zanga Tarike"",  ""Zanga Z.M"", ""zanga Z.M"", ""ZANGA , ZANGA"", ""ZANG"", ""ZANGA BABAKE"", ""ZANGA BABOKE"",  ""ZANGA, ""ZANGA, ""ZANGA,  ""ZANGA,  ""ZANGA, ""ZANGAA"", ""ZANNGA""",,
,Sea Cucumber," ""ZANGA JOGINY"",",,
,,zanga folera,,
Zanga Benono,White teatfish/ holothuria fuscogilva,"""benono"", ""BENONO "", ""zanga benono"", ""zanga BENONO"", ""Zanga benono"", ""Zanga Benono"", ""b.N Zanga"", ""B.N Zanga"", ""B.N Zanga "", ""b.N Zanga "", ""Benono"", ""Z.BENONO"", ""ZAN GA b"", ""zana benono"", ""ZANGA b"", ""zanga b.n"", ""zanga b.N"", ""Zanga b.N"", ""ZANGA b.t"", ""ZANGA BENONO"", ""ZANGA BENONOI"", ""zanga.b.N"", ""ZangaBenono"", ""zangabenono"", ""ZANG BENONO""",Caitlin,
Zanga Dorilisy,Pink/black sea cucumber or black teatfish/ holothuria edulis or notabilis,"""dorilisy"", ""DORILISY"", ""DOROLISY"", ""Zanga Dorilisy"", ""Zanga dorlisy"", ""zanga dorolisy"", ""Dorlisy"", ""dorolisy"", ""Dorlisy"", ""dorolisy"",  ""ZANGA do"", ""ZANGA DORILISY"", ""Zanga dorilisy"", ""Zanga Dorlisy"", ""zanga Dorolisy"", ""Zanga dorolisy"", ""ZangaDorlisy""",Caitlin,
,,"ZANGA BOROSY,",,
Zanga foty,Sandfish Holothuria scabra,"""ZANGA FOTITSETSAKE"", ""Zanga Foty"", ""ZANGA FOTY"", ""zanga F.TS"", ""Zanga Fotitsetsake"", ""Zanga foty"", ""zanga foty"", ""ZANGA FOTY "", ""zanga foty tsetsake"", ""Zanga totitsetsake"", “Zangafotitsetsake"", ""Zangatotitsetsake"",""ZANGA FOTITSETRAKE"",""Z.Fotitsetseke"",""Z.FOTITSETSEKE"",",Caitlin,
Zanga Trokena,Brownfish/ Actinopyga echinites,"""ZANGA TRONKENA"", ""Zanga Tsokena"", ""TRONKENA"", ""Ts.K Zanga"", ""TS.k Zanga"", ""TS-Ka Zanga"", ""tsoka"", ""Tsoken Zanga"", ""TSONKENA"", ""Z.TSOKENA"", ""Zagz tsokena"", ""Zangatsokena"", ""ZangaTsokena"",  ""zanga trokena"", ""zanga ts.k"", ""zanga TS.K"", ""zanga TSE.K"", ""Zanga tsokena"", ""zanga tsokena"", ""ZANGA TSONKENA"",  ""TSOKENA"",",Caitlin,
Zanga Trikitera,,"Zanga Trikitera, ""zanga trikitera"",",,
Zangambato,Actinopyga lecanora,"""Zangambato""",BV,
,," ""FALALIJAKY"",""zanga kalalijake"",""ZANGA FALALIJAKY"",",,
Dakaka,Herring,"""dakake"", ""Anakake """,BV,
Drakake,Crab,"""drakake"", ""Drakake"", ""drakaky""",Caitlin,
Dragon,Seahorse,"“DRAGON”, ""DRAGO"", ""Dramgo"", ""drange"", ""DRANGO"", ""Drango"", ""drango""",Caitlin,
Fia Foty,Smalltooth sand tiger or dusky shark,"“F,foty”",Caitlin,
Fay Tsifa,"Unicornfish, Naso unicornis","""F,Tsifa"", ""FIANTSIFA"", ",BV,
Fia Aloalo,"Great Barracuda, Sphyaena bararcuda","""F.aloalo"",""F.Aloalo"",""F.ALOALO"",""F.aloalo  "", ""F.aloalo be"",""F.aloalo kely"", ""ALOALO"", ""ALOALO""",Caitlin,
,," ""ONDAN-DOLO"", ""ONDANDOLO""",,
,,TOHO,,"""Toho"",""Tohompase"",""Tohompasy"""
Fia Ambariake,"Strongspine silver biddy, gerres acinaces","""F.ambariake"", ""F.Ambariake"", ""F.AMBARIAKE"", ""F.AMBRIAKE"", ""AMBARIAKE/DOSOLOHA"", ""AMBARIAKY"", ""AMBARIKE"", ""FIA AMBARIAKE""",Caitlin,"""Ambariake"",""Ambariake bemaso"""
Fia Ambitsy,"Spangled or thumbprint emperor, Lethrinus nebulosus or Lethrinus harak","  ""F.Ambitsy"", ""F.AMBITSY"", , ""F.Abitsy"", ""ABITSE"",  ""AMBITSE"", ""AMBITSY"", ""AMBITSY FOTY"",  ""AMPISY"",  ""FIA AMBITSY"", ""FIA AMBTSISY""",Caitlin,"""Ambitsy"",""Ambitsy lavaoro"""
,,"F.Ambatsoy,""F.Ambatsoy"", ""FTABATSOY"", ""AMBATSOY"", ",,"""Ambatsoy"",""Ambatsoy vaho"",,""Ambatsoy vanda"""
,,"F.Ambitsozo,",,
,,"ABASISY,""AMBASISY"", ""AMBATSISY"",",,
,,"FIA ANTSISY,",,Antsisy
"Amboramasake?
Note: from BV paper. Not sure if this is the word these inputs are trying to say",Rabbitfish/ Siganus argenteus,"""AMBORAMASAKY""",BV,Amboramasake
,,"F.Amboroy, ""F.Ambory"", ""F.AMBORY"", ",,"""Ambory"",""Ambory fotihohy"",""Ambory kiosa"",""Ambory lavatsifa"""
Fia Amporama,One-spot snapper/Lutjanus fulviflamma or Lutjanus monostigma,"""F.amporama"", ""F.Amporama"", ""F.AMPORAMA"", ""AMPORAMA"", ""AMP0RAMA"", ""AMPOARAMA"", ""AMPORA""",Caitlin,"""Amporama"""
Fia Ampoza,,"""F.Ampoza"", ""F.AMPOZA"", ""F.anak'ampoza"", ""F.Apoza"", ""AMOZO"", ""MPOZO"", AMPIZO, ""AMPOOZO"", ""AMPOZO"", ""FIA AMPOZO"", ""AMPAZO"",,  ""FIAMPOZY""",,"""Ampoza"",""Ampozo"""
Fia Angelike,Sky emperor,"""F.angelike"", ""F.Angelike"", ""F.ANGELIKE"", ""F.ANGLIKE"", ""ANGELEKA"", ""ANGELEKE"", ""ANGELIKE"", ""ANGELIKE "", ""ANGELIKE FOTY"", ""FIA ANGALIKE"", ""FIA ANGELIKE""",Caitlin,"""Angeleke"",""Angelike"""
Fia Angerera,Blackspotted rubberlip or Painted sweetlips/ Plectorhinchus gaterinus or diagramma pictum,"""f.Angerera"", ""F.Angerera"", ""F.ANGERERA"",  ""ANGARENA"", ""ANGARERA""",Caitlin,
Fia Angy,Zebra angelfish/ genicanthus caudovittatus,"""F.angy"", ""F.ANGY"", ""FIA ANGY"" ",Caitlin,
,,"ANGISIN-DOLO,",,
,,"""ANGISI"",  ""ANGISSY"",",,
Fia Antisy,No idea but these seem to go together,"""F.antisy"", ""F.antsisy"", ""F.Antsisy"", ""F.ANTSISY"", ""F.ANTSISY PETAKE"", ""F.antssy"",""ANTSISSY"", ""ANTSISY"", ""ANTSITSY"", ""ATSISY""",,
Fia Areloha,Goldsilk seabream/ acanthopagrus berda,"""F.areloha"", ""ARILOHA"" ,""ARY""",Caitlin,
,Shell," ""ANTSIVA"", ""Antsive"", ",,
Fia Baboke,Chaetodon shark," ""F.baboke"", ""F.Baboke"", ""F.be"", ""AMBOKE"",""BABOKE"", ""FIA BABOKE"" , ""FIABAKOBE""",BV,Baboke
,,"F.Babake, ""BABAKE"", ""BABAKY"",  ",,
"Fia bemaso 
",,"""f.Bemaso"", ""F.bemaso"", ""F.Bemaso Mena""",,
Fia Bodoloha,Blue Barred parrotfish/ scarus ghobban,"""f.Bodoloha"", ""F.bodoloha"", ""F.Bodoloha"", ""F.BOdoloha"", ""F.BODOLOHA"", ""F.boloha"", ""F;bodoloha"", ""FIA BODOLOHA"", ""F,BODOLOHA"", ""BODOLOHA"", ""DOSOLOHA""",Caitlin,Bodoloha
Fia Bondro,,"""F.bondro"", ""F.Bondro"", ""F.MBONDRO"", ""FIAMBONDRO"", ""FIAMBONJO"", ""FIAMPBONJO""",,
,,"F.BOTIRA, ",,
Fia BOTOSAKA,Sillago Sihana,"""F.BOTSOTSOKO"", ""F.BOTSOTSOKE"",  ""BOTOSAKA"", ""BOTOSAKE"", ""BOTOSANA"", ""BOTSAKA"", ""BOTSO"", ""FIABOTOSAKA""",BV,
Fia Dabandriake,"Convict Surgeon, acanthurus triostegus","""F.Dabandriake"", ""F.DABANDRIAKE"", ""DABADRIAKE"", ""DABANDRIAKE"", ""DABANJIAKE"" , ""TABANDRIAKE""",BV,
Fia Fitse,Caesia caerulaureus,"""F.fitse"", ""F.Fitse"", ""F.FITSE"", ""F.fsifa"", ""FIA FITSE"", ""FITSE""",BV,
Fay Foty,Smalltooth sand tiger or dusky shark/ Odontaspis ferox or Carcharhinus obscurus,"""F.fotihohy"", ""F.Fotihohy"", ""F.FOTIHOHY"", ""F.FOTIHOHY "", ""f.foty"", ""F.foty"", ""F.FOTY"", ""Fay Foty"", ""F.foyy"", ""Fay foty"", ""fay foty"", ""FOTIOHY""",BV,
Fia gogo,Madagascar sea catfish/ Arius madagascariensis,"""F.gogo"", ""F.Gogo"", ""F.GOGO"",""gogo"", ""Gogo"", ""GOGO"", ""GOGO FINGA""",Caitlin,
Fia Joginy,,"""F.joginy"", ""F.Joginy"", ""F.JOGINY"",  ""JOGING NA LOGIMBATO"", ""JOGINY/ LOGIMBATO"", ""JOSINY"", ""JOGINY/LOGIMBATO"", ""JOGINY"", ""LOGINY"", ""LOGY"", ""LONGY""",,Logy
Fia Kabo,Frogfish/ antennariidae,"""F.kabo"", ""F.Kabo"", ""F.KABO"", ""KABO"", ""F.KABKABO"",, ""kabo"",   ""KAMBO"", ""KABA"", ""KABO "", ",BV,"""kabo"",""Kabo'"""
,," ""F.kabokaboke"",""KABOKABOKE"",""KABOKE""",,Kabo kabo
,," ""KAMBIN-TSOZO"", ""KAMBY""",,Hamby
Fia Kapitene,,"""F.kapitene"", ""F.kapiteny"", ",,
,,"F.Kapoake, ""F.KAPOAKE"", ""FIA ANKAPOAKE"", ""FIAKAPOAKE"", ""FIAKAPOKE""",,
,," ""Kapilany""",,
Fia Terake?,,"""F.Aterake""",,
Taratake,,"""KARATAKE"", ",,
,,"F.kely terake,""KELETERAKE""",,
Kifalaoke,,"""F.Kifalaotse"", ""F.KIFALAOTSE"", ""KIFALAOTSE"", ""KIFALATSE"", ""KIFALITSE""",BV,Kifalaotse
,,"""KIFO"" ",,kifo
Fia Lafo,Red lionfish/ pterois volitans,"""F.Lafo"", ""LAFO""",Caitlin,Lafo
,,"  ""LAFIDAKA""",,Lafendaka
Lamatra,Kanadi Kingfish/ scombermorus plurilineatus,"""F.lamatra"", ""F.Lamatra"", ""F.LAMATRA"", ""F.Lamatsa"", ""F.LAMATSA"", ""lamatra"", ""LAMATSA"", ""Lamatra"", ""lanatra""",Caitlin,"""Lamatsa"",""Lamatra"",""Lamantra"",""lamantra"""
Fia Lanora,Yellowspotted or giant trevally/ caragoides fulvoguttatus or Caranx ignobilis,"""F.lanora"", ""F.Lanora"", ""F.LANORA"", ""F.llanora"", ""LANORA"", ""FIA LANORA"",  ""LANORA "", ""LANORA KELY"", ""LANORA KELY/ANAN-DANORA"",  ""LONORA""",Caitlin,Lanora
Lani Lani?,,"""F.lanilany"", ""F.LANILANY"", ""LANILANY"", ""LANILAY"", ""LAGNILAGNY"",  ""LAGNILANGY"", ""LANGILANGY"", ",,Lanilany
,," ""F.lavanify"", ""F.Lavanify"", ""F.LAVANIFY"",""LAVANIFY""",,Lavanify
Fia Leme,Dusky Parrotfish/scarus niger,"""F.Leme"", ""F.LEME"", ""LEME"", "" LEME"",  ""FIA LEME"", ""FIALEME"",  ""LAME"" , ""LEMA"", ""LEME "", ""LEME,"", ""LEME, ""LEME ""LEME,HIMA"", ""LEMELEME""  ",Caitlin,"""leme"",""Leme"""
,,"TAKALO""",,Takalo
,,"AMPOZO""",,Ampozo
Lemepase?,,"""LEMEMPASE"", ""LEMEPASE"" ",,
Fia Lovo,Bluespotted or coral grouper / cephalopholis argus or cephalopholis miniata,"""f.lovo"", ""f.loVO"", ""F.lovo"", ""F.LOVO"" F.lovo "" F.lovo sara"", ""F.lovohara"", ""F.Lovohara"", ""F.LOVOHARA"", ""F.lovoho"", ""LOVO"", ""LOVOHARA"", ""lovobe"",  ""LOSOLOSO"", ""LOVOFISAKA"", ""LOVOKABO"" , ""OLOVO"", ""OLOVOANGARERA"", ""OLOVOKABO"",  ""FIA OLOVO""",Caitlin. Note: BV report gives different scientific names for grouper. Not sure which should be used,Lovo
Fianakanga,,"""F.lovonakanga"", ""F.LOVONAKANGA"", ""FIAKANGA"",  ""FIAN`AKANGA"", ""FIANAKANGA"", ""FIANAKNGA"", ""FIANAKOHO"", ""FIANAKONJO"", ""FIAN'AKOHO"", ""FIANKANGA"", ""FIIANAKANGA""",,Lovoharanakanga
Fia Mainte?,,"""F.mainte"", ""F.Mainte"", ""F.mainte "", ""F.mainty"", ""F.maite"", ""F.mante"", ""FIA MAINTY"", ""Fmainte""",,
Fia Mantafao,,"""F.Mantafao"", ""MANTAFAO"", ""MATAFAO""",,
Malily,Black and yellow grouper/ Epinephelus flavocaeruleus,"""F.Malily"", ""F.maliniky"", ""M.malily"", ""MALILA""",Caitlin,Malily
,," ""ANTSERAKE MALINIKE""",,Antserake Antsivo
Fia Mandredre,," ""F.Mandredre"", ""F.Mandrendre"", ""F.MANDRENDRE"", ""MANDRENDRE""",,
,,"F.mandreandovoke,",,
Fia Mena,"Squirrelfish, Holocentrinae","""F.mena"", ""F.Mena"", ""F.MENA"", ""F.Mena "", ""F.Mena  "", ""F.MENA BEMASO"", ""FIA MENA""",BV,
,,", ""F.menasofy"", ""F.Menasofy"", ""F.MENASOFY"",""MENASOFY""",,Menasofy
Fia Molonto ,,"""F.Molonto"", ""F.MOLONTO"", ""MOLONTO"", ""MOLOTO"" ",,"""Molonto"",""Moloto"""
Fia Moroy,Lionfish,"""F.Moroy"", ""MOROY"", ""Morosy"", ""F.moroy"", ""F.MOROY"", ""Moroy "", ""MORAY"", ""MOROY,  ""ROY""",BV,
,Fish,"BADIGA""",,
Fay rara,,"""F.rara"", ""F.Rara"", ""fay rara"", ""Fay rara"", ""Fay Rara"", ""FAY RARA"", ""Rara Fay"", ""FIARARA"", ""FIRARA""",,
,,"""Rasa Fay """,,
Fia Salabaro,Snapper/ Lutjanus gibbus," ""F.SALABARO"", ""SABALARO"",  ""SALABARO""",BV ,Salabaro
,,F.sakavoto,,
Savisavy,Fish,"""F,SAVESAVE"", ""F..savesave"", ""F.savesae"", ""F.savesave"", ""F.Savesave"", ""F.SAVESAVE"", ""F.savesavy"", ""F.savisavy"", ""F.SAVISAVY"", ""F;savesave""",,
,,"""Fay sify"", ""Fay Sify""",,
Fia Soroboa,Giant or grayspotted Guitarfish/ rhynchobatus dijddensis or acroteriobatus leucospilus,"""F.soroboa"", ""F.SOROBOA"",  ""SOROBOA"", ""SOROB OA"", ""Soroboa"", ""soroboa"", ""SOROBOAE""",Caitlin,
,," ""sohaba""",,
Soronale,Fish,"SORONALE,""F.Soronale"", ""F.SORONALE"",""SORONALY""",,Soronale
Fia Tabaky/ Fia Tsabeake,Ember parrotfish/ scarus rubroviolaceus,"""F.tabake"", ""F.Tabake"", ""F.TABAKE"", ""F.TABAKY"", ""F.tabike"", ""tabaky"",, ""FIA TABAKE"", ""TABAK"", ""TABAKA"", ""TABAKE"",  ""TABAVI"", ""TABKE"", ""TABOKE"", ""TAHAKE"", ""TAMBAKE"" , ""TOBAKE""",Caitlin,Tabake
,," ""F.tsabeake"", ""F.Tsabeake"", ""F.TSABEAKE"", ""F.tsabeaky"", ""F.Tsabeaky"", ""tsabeaky"",""TSABEAKE"" , ""TSABEANE""",,Tsabeake
,," ""TAMBOKY"",, ""F.TABOKINA"", ""TABOKINA"", ""TAMBOKINY"", ""TAABOKINA"",""TABIKINA"", ""TABOKONA"",""TOBOKINA""",,
Fia Tapaporoha,Thumbprint emperor/ Lethrinus harak,"""F.tapaporoha"", ""F.Tapaporoha"", ""FIA TAPAPOROHA""",Caitlin,
Fia Taratake,Blacktip or brownspotted grouper/ Epinephelus fasciatus or hexagonatus,"""F.Taratake"", ""TARATAKE"", ""TARATAKY"" ",Caitlin,
Fia Tsiripoasa?,,"""F.timatipaosa"", ""F.Tririmpaosa"", ""f.Tsirimpaosa"", ""F.tsirimpaosa"", ""F.Tsirimpaosa"", ""F.TSIRIMPAOSA"", ""F.TSIRIMPAQSA"", ""F.tsiripaosa"", ""TSIRIMPAOSA""",,
Fia Toho,Duckbill sleeper or freshwater goby or speckled goby/ Butis butis or awaous aeneofuscus or redigobius bikolanus,"""f.toho"", ""F.toho"", ""F.Toho"", ""F.TOHO"", ""F.Tona"", ""F.TONA"", ""FIIA TOHO"", ""TOHO"", ""toho"", ""TONA"", ""TOKO"" ,  ""TONGA"" ",Caitlin,
Fia Tsamearene?,,"""F.tsamearene"", ""F.Tsamearene"", ""F.TSAMEARENE"", ""F.tsameareny"", ""f.tsiamearene"", ""F.tsiameareny""",,
Fia tsara,,"""F.tsara"", ""F.Tsara"", ""F.TSARA"",  ""FIANTSARA""",,
,,", ""F.Tsaramatseroke""",,
,," ""TSARABY""",,
Fiantsifa,Naso unicornis,"""F.tsfa"", ""F.tsifa"", ""F.Tsifa"", ""F.TSIFA"", ""F.tsifaH"", ""F.tsipa"", ""FIANNTSIFA"", ""FIATSIFA""",BV,
,Fish,"""F.tsikahitse"", ""F.tsokahita"", ""F.tsokahite"", ""F.tsokahitse"", ""F.Tsokahitse"", ""TSOKAHITSE"" , ",,
,,"LOVIA""",,
,,"""tsitsike"", ""Tsitsike"", ""TSITSIKE"", ""Tsiysike"", ""T SITSIKE"", ""tsitsiky"", ""TSITIKE"", ""TSITSIKA"", ",,
,," ""FIA TSOIKE"", ""TASOIKE"",""TSOIK"", ""TSOIKE"", ""TSOIKE "", ""TSOIKE,""TSIOKE""",,
,,"""F.tsoraby"", ""F.Tsoraby"", ""F.TSORABY"", ""ANJARANTSORABY"", ""F,Tsoraby"", ""TSORABY"", ""ANTSORABY"", ""TSOBARY""",,
,,F.Tsobariake,,
Fia tsontso,White  banded triggerfish/ rhinecanthus aculeatus,"""F.TSONTSO"", ""FIA TSONTSO"", ""TSONTSO"", ""F.TSON6"", ""F.TSONSO"", ""F.tsontso"", ""tsontso"", ""TAOTSO"", ""TSONTSO, ,  ""TSONTSO, ""TSONTSO, TAKALO"", ""TSONTSO ""TSONTSON-DAMBO"", ""TSONTSONDAMBO"", ""TSORITSO"", ""TSOSO"", ""TSOTSO""",Caitlin,"""Tsontso"",""Tsontso alaotse"",""Tsontso fania"",""Tsontso fanihy"",""Tsontso sikily"",""Tsontso tsimalaho"",""Tsontsombola"",""Tsontsomkara"""
,,"BOTANA""",,
,,"LEME"",LEME"",",,
Fia Tsoy,Mulloides auriflamma,"""F.tsoy"", ""F.Tsoy"", ""F.TSOY"", ""F.tsoy "", ""F.TSOY "", ""f.tsoy  "", ""F.Tsoy Antsisy"",""F.TSOY BE"", ""F.TSOY DAFE"", ""F.Tsoy malinike"",""F.TSOY MALINIKE"",""F.Tsoy rotse"", ""F.tsoymalinike"", ""F.TsoyMalinike"", ""F.TsoyMaliniky"", ""TSOY"", ""FI A  TSOIKE"", ""TSOY DAFE"", ""TSOY DAFY"", ""TSOY MENA""",BV,"""Tsoy"""
,," ""TSY OMEA RENE""",,Tsiomearene
Fia varavara,Mangrove red snapper/ Lutjanus argentimaculatus,"""F.Varavara"",""F.VARAVARA"", ""VARAVARA"",""VARELAVA""",Caitlin,"""Varavara"",""Varavara/Mahozatse"""
,,"VALOZORO, ",,
Valalataitse,,"""f.valala"", ""F.valala"", ""F.Valala"", ""F.VALALA"",valala, ""FIA VALALA"", ""FIAVALALA"", ""VALALA FIA"", ""VALALA TAITSE"", ""VALALAFIA"", ""VALALAMPASY"", ""VALALATAITSE""",,
,," ""VALORIRA"", ""VALORORA"", ",,
 Varevike,,"""F.varevike"", ""F.Varevike"", ""F.VAREVIKE"", ""F.varivike"", ""VAREVEK""",,
Voramasake,,"""F.voramadake"", ""F.voramasake"", ""F.Voramasake"", ""F.VORAMASAKE"", ""F.voramasaky"", ""F.Vorramasake"", ""f.v0ramasake"", ""voramasake"",""FIA VORAMASAKE"", ""VOARAMASAKE"", ""VORAMASAE"", ""VORAMASAKA"", ""VORAMASAKE "", ""VORAMASAKE MALINIKY"", ""VORAMASAKY"", ""VORAMASAKY MALINIKY"", ""VORAMASALE"", ""VORAMSAKE"", ""VOROMASAKA"", ""VOROMASAKE""",,"""Voramasake"",""Voramasaeke"""
,," ""VOROMAMJEA"", ""VOROMANDREA"", ""VOROMANJEA"" ",,
Fia Votosandra?,No idea but these seem to go together,"""F.Votosaka"", ""f.votsandra"", ""F.votsandra"", ""F.Votsandra"", ""F.Votso"", ""VOTSANJA"", ""F.VOTSANDRA"", ""Votsandra"", ""VOTSANDRA"", ""votsoda"", ""F.vontso"", ""VONITSANDRA"", ""VONTSANDRA"", ""VONTSANJA"",  ""VOSANJA"", ""VOTANDRA"", ""VOTRANDRA"", ""VOTSA"", ""VOTSAMDRA"", ""VOTSANDA"", ""VOTSANJA "", ""VOTSO""",,"""Votsandra"",""Votsanja"",""Votsandra sampa"""
Fay tatama,,"""FAY TATAMA"", ""FAY TATAMO"" ",,
Fay,Ray,"""fay"", ""Fay"", ""FAY"", ""Fay  "", ""FAY 1"", ""Fay Vanda"", ""FAAY"", ""FALE"", ""FAY "", ""FAY B"", ""FAY BE"", ""FAY BEVATA"", ""FAY,   ""FAY, ZANGA"",  ""FAYLEJALEJA""",,
,,"""BADIGA""",,
Fay Gitara,,"""FAY GITARA"", ""FAYGITARA""",,
Fay Andema,Rhinobatos,"""Fay Andema"", ""ANDEMA""",BV,
Fela/ Kokiazy,Cypraediae/ cowries,"""FELA"", ""KOKIAZY""",BV,
Fia Ongike,,"""F.ongike"", ""fF.Ongike"", ""ONGOKE""",,"""Ongike"", ""Ongiky"""
Geba,Spotted sardinella or bluestripe herring/ Amblygseter sirm or Herklotsichthys,"""geba"", ""SAREGEBA"" , ""SARIBEBA""",Caitlin,"""Geba"""
Horita nakora,Octopus aegina,"""H nakora"", ""H Nakora"", ""H.nakora"", ""H.Nakora"", ""H.NAKORA"", ""H.Nakorra"", ""AKORA"",  ""HORITA AKORA"", ""HORITANAAKORA"",  ""HORITANAKORA"",  ""HORITAN'AKORA"" ,  ""KOROTANAKORA""",BV,
Lamera,eel,"""L"", ""L "", ""lamera"", ""Lamera"", ""LAMERA"", ""LAMERA TANAMPANO"", ""LAMERAN-KENA"", ""L+L532AMERA"",  ""LAMAIRA"", ""LAMEERA"", ""LAMERA "", ""LAMERA BADIGA"", ""LAMERA BADIJA"", ""LEMERA""  ",,"""Lamaira"",""Lamaira-kina"",""Lamaira fesotse ambato"",""Lamaira kina"",""Lamairankena"""
Langousta,Lobster,"""LANGOSTE"", ""LANGOUSTA"", ""LANGOUSTE""",,
Fia Sapiata?,No idea but these seem to go together,"""F.sapiata"",""sampiata"", ""sapiata"", ""SAPIATA"", ""F.SAPIATA""",,"""Sapiata"""
Fia Takalo,Dory snapper or yellow/spotted bosfish/ Lutjanus fulviflamma or ostracio cubicus or meleagris,"""Takalo"", ""TAKALO"", ""Takaho""",Caitlin,"""Takalo"",""Takalo vavy"""
Anjaramy,Acanthurus Levcosternon/ sturgeon,"""ANJARAME""",BV,"""Andrarame"",""Andraramy"""
Botana,Boxfish/ Ostraciidae,"""BOTANA"", ""BONTANA"", ""BOTAN"", ""BOTANA "", ""BOTANA MALINIKE"", ""BOTANA, , ""BOTANA, ""BOTANA""",BV,"""Botana"",""Botana katsa"",,""Botana lovo"""
,,"BOZIKE""",,
,,"ZANGA""",,
,Squid,ANGISINDOLO,,
Dorate?,Coryphaena hippurus,"""DORATE"", ""dorote""",,"""Droite"", ""Droites"""
Lejaleja,Fish,"""F.ledra"", ""F.ledraledra"", ""F.LEDRALEDRA"", ""ledrale"", ""Ledraledra"", ""LEJALEJA"", ""LEJELEJA"", ""LEJELEJE"", ""LAEJALEJA""",,
Pileve?,,"""F.MPILEVE"", ""F.PILEVE"", ""FIA MPILEVE""",,
Tsabokorado,Euthynus affinis," ""TSABOKOKODO"", ""TSABOKORAODO"", ""TSABOKORODO"", ""TSABORANDANDA"", ""TSABOREKODE"", ""TSABORO"", ""TSABOROKODO"", ""TSABOROKONDO"", ""TSABORONKODO"", ""TSAMBOROKODE"", ""TSAMBOROKODO"" , ""TSOBOKORODO""",BV,"""Tsikorokodo"""
,,"F.SABONTO,",,"""Sabonto"",""Sabonto bole"",""Sabonto jaune"",""Sabonto lavahohy"",""Sabonto mainte"""
Fano,Turtle,"""fano be"", ""FANO""",BV,
,," ""TSEDAFE"",  ""TSIDAFE"", ""TSIODAFE"", ""TSIOKAFY"",  ""TSOIDAFE"", ""TSOIDAFY"", ""TSOIDAY"", ""TSOIDEFE"" ,",,"""Tsoy"",""Tsoy jaine"",""Tsoy zony """
,,"FITSATSAKE, ""FOTITSETSAKE"", ""TSAKEAKE"",",,
Hamby,,"""haby"", ""HABY"", ""HAMBY""",,Hamby
Hima,Giant Clam (no species given),"""HIMA""",Caitlin,
Hovohovo,Obicular batfish/ Platax orbicularis,"""HOVOHOVO"", ""HVOHOVO"",HOVOHOVO""",Caitlin,
Kinirike,,"""F.kinirike"", ""KINIRIKE""",,Kinirike
Liva,Lambis lambis,"""LIVA"", ""Liva"",  LIVA"",  ""LIVA B"", ""LIVA BE"", ""LIVA BEVATA"", ""LIVA KELY"", ""LIVA MALINIKE""",BV,ANTSIVA
Soke,Tripneustes gratilla,"""soke"", ""SOKY""",,
,Fish,"BOTANA""",,Bontana
,Fish,"BADIGA"", ",,
,,,,
,,,,
,,,,
,,,,
