"","WORDS_INDATA","ENGLISH_SOPHIE","MALAGASY_SOPHIE","SOURCE","LOCAL_ANIRA","NAME_OTHER"
"1","ND ,  , N, NA","","NAs","","",""
"2","KARAZAMPIA","","Different species of fish","","",""
"3","VOLOMBOTO","Fish","","","",""
"4","BOKAHI","","","","",""
"5","MISORA","","","","",""
"6","TAY","","","","",""
"7","OSORA","","","","",""
"8","MABOLOTSETALY","","","","",""
"9","TSAIKEMENA","","","","",""
"10","MAMILAOTSE","Fish","","","",""
"11","MPANISY","Fish","","","",""
"12","TANDALY","Fish","","","",""
"13","TANELAKY","Fish","","","",""
"14","AOMBILAHINJIAKE","Fish","","","",""
"15","FIA KALOKA","Fish","","","",""
"16","KIBOROTRATRA","Fish","","","",""
"17","AMBILA","Cantherhines pardalis or Cantherhines dumerilii","","","",""
"18","TSAISO","Fish","","","",""
"19","ANTSEARAKANTSIVA","Fish","","","",""
"20","FIANAOBE,TIANAOBE","Fish","","","",""
"21","LOGIMBATO","Fish","","","",""
"22","VERAVERA SONY","Fish","","","",""
"23","VALOTAMPAKE","Fish","","","",""
"24","VANGO","Fish","","","",""
"25","TSILATSILATSE","Shell","","","",""
"26","KELEBELOHA","Fish","","","",""
"27","LAPO","","","","",""
"28","FAMONGO,","Fish","","","",""
"29","FMPIVONDRAKE,","Fish","","","",""
"30","FTSIAMBOLOMASO","Fish","","","",""
"31","FTARAMATSE,","Fish","","","",""
"32","FA GITARA,","Ray","","","",""
"33","FIA LAME","Fish","","","",""
"34","FTALANTARA,","Fish","","","",""
"35","FIANTSOFA","Fish","","","",""
"36","FIA KIMBOROKE,","Fish","","","",""
"37","FANTSIRIMPOTAKE,","Fish","","","",""
"38","FMANGERELAVENOKE,","Fish","","","",""
"39","FNAOMBE,","Fish","","","",""
"40","FIA BANA,","","","","",""
"41","FIA VARILAVA, FIA VARILAVA, VARILAVA, VARILAVA, VARY LARY, MARILAVA","Fish, small, like shrimp","Varilava","","",""
"42","LELAMIOTSE,","","","","",""
"43","BETAMPY, BETAMPE, BEMAMPE, BENTAPE, BETABE, BETAMPE","Shell","","","",""
"44","ANGISY, ANGSY","Squid","Angisy","Anira","",""
"45","ANGISY DOLO, ANGISINDOLO, ANDOLO,  ANGISIMBATO,ANGIBATO, ANGIMBATO, NGISIMBATO,ANGINDOLO, ANDISINDOLO","Squid","Angisy","","",""
"46","AKIO","Shark","Akio","","",""
"47","AKIO VIKO, AKIO VIKOI, AKIOVIKO","Shark","Akio","","",""
"48","AKIO FOTY","Shark","Akio","","",""
"49","AKIO SATIRA","Shark","Akio","","",""
"50","FIANDAVENOKE","Fish","","","",""
"51","BANGA, BANGARODE  , DANGARODE, DANGAROE","Fish","Dangarode","","",""
"52","BADIGA, BADIGA , BADIGA , BADIKA","Fish","Badiga","","",""
"53","DANGAROAKE, DANGAROHAKE","Shell","Dangarohake","","",""
"54","DARANGO","Seahorse","","","",""
"55","DIRIKE, DIVIKE,DIVIKE,","Ark clams","","","",""
"56","FIA DANDEZO,DANDEZO","Belt fish","","","",""
"57","FAIGITARA, FAIRARA, FANIGITARA, FIAGITARA","Ray","Faigitara","","",""
"58","HORITA NDOLO, HORITAMDOLO, HORITANDOLO, HORITAN DOLO, HORITANDOLO, HORITNDOLO","Octopus macropus","Horita Dolo","","",""
"59","JAGARODE, JANGARODE","Fish","Jagarode","","",""
"60","JAKAAKE, JAKAKE, JAKAKE , JAKAKE, FELA, JIKE","Crab","Jakake","","",""
"61","KAPIAKE, KAPIKE,KAPOAKE, KAPOKE","","Kapike","","",""
"62","JONKA,JOKA","","","","",""
"63","KATSA","Cypraediae/ cowries","","","",""
"64","KAPILA, KAPILA , KAPILA","Shell","","","",""
"65","KARO","","","","",""
"66","KAROTE","","","","",""
"67","BEJA","Cypaeacassis rufa","Beja","","",""
"68","KATRA , KATRA,KATRA","Cypraediae/ cowries","Katra","","",""
"69","KILIKA, KILOHA, KILOKA, KILOKA ,  KODA, KOLOKA,","","Kiloka","","",""
"70","HATSA","Cypraediae/ cowries","","","",""
"71","LENTINY, LEONTINY, LIONTINY, FLEONTINE","","Leontiny","","",""
"72","MAFIHARA, MAFIHARA,  MAHIFARA","Fish","Mafihara","","",""
"73","MALONGY, MALONGY,","","","","",""
"74","MAROMOGNE, MARONOGNE","","","","",""
"75","FIA MANDRIANDOVOKE, MAJANDOVOKE MAJANDOVOKE, MANDRANDOVOKE, MANDRIANDOVOKE,MANJANDOVOKE, MANJIANDOVOKE","Fish","Mandriandovoke","","",""
"76","MANGERELAVENOKE, MANGERILAVELONE, MANGERILAVENOKE, MANGERILAVENOKETARATAKE","Fish","","","",""
"77","MANDREANDREA","","","","",""
"78","PANIISY, PANISY, PANISY","Fish","Panisy","","",""
"79","MOSORA ,  MOSORS","","Mosora","","",""
"80","SOAGNA, SOANA","","Soana","","",""
"81","SOANADA","Fish","","","",""
"82","PARAKIHOSOKE , PARAKY HOSOKE","Parakihosoke","Paraki Hosoke","","",""
"83","TAPAPORAHA, TAPAPOROHA, TAPAPOROKA","","Tapaporaha","","",""
"84","FVATSITSA, VATRITRA, VATRITSA, VATSITSA","Fish","Vatsitsa","","",""
"85","VOLAMPIHAMITSE, VOLATAITSE, VOLOMPIHAMITS, VOLOMPIHAMITSE, VOLOMPIHAMY","Fish","Volompihamitse","","",""
"86","ANADANORA, ANADANORA, ARADANORA","","Anadanora","","",""
"87","ANTSERAKE, FANTERAKE, FANTSERAKE, FANTSERAKY, FANTSERAKE, ATSERAKE","Black-barred halfbeak/ hemiramphus far","Antseraky","Caitlin","",""
"88","AVORAKE","","","","",""
"89","TSOKARIKE","Cypraediae/ cowries","","","",""
"90","TSORAKY","","","","",""
"91","B,B, BBOZIKYJOKA, BETAMPY, BOZ IKE,   BOZIKE,  BOZIKE , BOZIKE, BOZIKE , BOZIKE JOKA ,   BOZIKE JONKA  ,  BOZIKE JONKA, BOZIKE MENA, BOZIKY , BZIKE, BBZIKE, BOZIDNAHY, BOZIKE , BOZIKE , BOZIKE , BOZIKEJONKA, BOZIKE, BOZIKY, JONKA, NJONKA, BOBIKE, BODIGA, BOJA, BOKIKE, BOZIKA, BOZIKE, HOVOHOVO, BOZITSE , BOZIKE,BOZIKE,","Chicoreus ramosus","Bozike","Caitlin","",""
"92","BEJA, BEJA, BEJA, BEJA , BENJA, BEJA, BEJA BELA , BEZA","Bull-mouth helmet/ cypaeacassis rufa","Beja","BV","",""
"93",", TABOKINA,","","","","",""
"94","Z, ZJOMALY, Z, ZJOMALY, ZANGA ZOMALY, ZANGA ZOMALY, ZANGA ZOMALY, ZOMALY ,ZANGAZOMALY, ZAMALY ZM,  ZOMALY, ZOMALY,ZANGA JOMALY,","Sea Cucumber","","","",""
"95","ZANGA JOGINY,","Sea Cucumber","","","",""
"96","ZANGA FOLERA","","","","",""
"97","BENONO, BENONO , ZANGA BENONO, ZANGA BENONO, ZANGA BENONO, ZANGA BENONO, BN ZANGA, BN ZANGA, BN ZANGA , BN ZANGA , BENONO, ZBENONO, ZAN GA B, ZANA BENONO, ZANGA B, ZANGA BN, ZANGA BN, ZANGA BN, ZANGA BT, ZANGA BENONO, ZANGA BENONOI, ZANGABN, ZANGABENONO, ZANGABENONO, ZANG BENONO","White teatfish/ holothuria fuscogilva","Zanga Benono","Caitlin","",""
"98","DORILISY, DORILISY, DOROLISY, ZANGA DORILISY, ZANGA DORLISY, ZANGA DOROLISY, DORLISY, DOROLISY, DORLISY, DOROLISY,  ZANGA DO, ZANGA DORILISY, ZANGA DORILISY, ZANGA DORLISY, ZANGA DOROLISY, ZANGA DOROLISY, ZANGADORLISY","Pink/black sea cucumber or black teatfish/ holothuria edulis or notabilis","Zanga Dorilisy","Caitlin","",""
"99","ZANGA BOROSY,","","","","",""
"100","ZANGA FOTITSETSAKE, ZANGA FOTY, ZANGA FOTY, ZANGA FTS, ZANGA FOTITSETSAKE, ZANGA FOTY, ZANGA FOTY, ZANGA FOTY , ZANGA FOTY TSETSAKE, ZANGA TOTITSETSAKE, ZANGAFOTITSETSAKE, ZANGATOTITSETSAKE,ZANGA FOTITSETRAKE,ZFOTITSETSEKE,ZFOTITSETSEKE,","Sandfish Holothuria scabra","Zanga foty","Caitlin","",""
"101","ZANGA TRONKENA, ZANGA TSOKENA, TRONKENA, TSK ZANGA, TSK ZANGA, TSKA ZANGA, TSOKA, TSOKEN ZANGA, TSONKENA, ZTSOKENA, ZAGZ TSOKENA, ZANGATSOKENA, ZANGATSOKENA,  ZANGA TROKENA, ZANGA TSK, ZANGA TSK, ZANGA TSEK, ZANGA TSOKENA, ZANGA TSOKENA, ZANGA TSONKENA,  TSOKENA,","Brownfish/ Actinopyga echinites","Zanga Trokena","Caitlin","",""
"102","ZANGA TRIKITERA, ZANGA TRIKITERA,","","Zanga Trikitera","","",""
"103","ZANGAMBATO","Actinopyga lecanora","Zangambato","BV","",""
"104","FALALIJAKY,ZANGA KALALIJAKE,ZANGA FALALIJAKY,","","","","",""
"105","DAKAKE, ANAKAKE","Herring","Dakaka","BV","",""
"106","F,FOTY","Smalltooth sand tiger or dusky shark","Fia Foty","Caitlin","",""
"107","F,TSIFA, FIANTSIFA,","Unicornfish, Naso unicornis","Fay Tsifa","BV","",""
"108","FALOALO,FALOALO,FALOALO,FALOALO  , FALOALO BE,FALOALO KELY, ALOALO, ALOALO","Great Barracuda, Sphyaena bararcuda","Fia Aloalo","Caitlin","",""
"109","ONDANDOLO, ONDANDOLO","","","","",""
"110","FAMBITSOZO,","","","","",""
"111","ABASISY,AMBASISY, AMBATSISY,","","","","",""
"112","FANGERERA, FANGERERA, FANGERERA,  ANGARENA, ANGARERA","Blackspotted rubberlip or Painted sweetlips/ Plectorhinchus gaterinus or diagramma pictum","Fia Angerera","Caitlin","",""
"113","FANGY, FANGY, FIA ANGY","Zebra angelfish/ genicanthus caudovittatus","Fia Angy","Caitlin","",""
"114","ANGISINDOLO,","","","","",""
"115","ANGISI,  ANGISSY,","","","","",""
"116","FANTISY, FANTSISY, FANTSISY, FANTSISY, FANTSISY PETAKE, FANTSSY,ANTSISSY, ANTSISY, ANTSITSY, ATSISY","No idea but these seem to go together","Fia Antisy","","",""
"117","FARELOHA, ARILOHA ,ARY","Goldsilk seabream/ acanthopagrus berda","Fia Areloha","Caitlin","",""
"118","ANTSIVA, ANTSIVE,","Shell","","","",""
"119","FBABAKE, BABAKE, BABAKY,","","","","",""
"120","FBEMASO, FBEMASO, FBEMASO MENA","","Fia bemaso 
","","",""
"121","FBONDRO, FBONDRO, FMBONDRO, FIAMBONDRO, FIAMBONJO, FIAMPBONJO","","Fia Bondro","","",""
"122","FBOTIRA,","","","","",""
"123","FBOTSOTSOKO, FBOTSOTSOKE,  BOTOSAKA, BOTOSAKE, BOTOSANA, BOTSAKA, BOTSO, FIABOTOSAKA","Sillago Sihana","Fia BOTOSAKA","BV","",""
"124","FDABANDRIAKE, FDABANDRIAKE, DABADRIAKE, DABANDRIAKE, DABANJIAKE , TABANDRIAKE","Convict Surgeon, acanthurus triostegus","Fia Dabandriake","BV","",""
"125","FFITSE, FFITSE, FFITSE, FFSIFA, FIA FITSE, FITSE","Caesia caerulaureus","Fia Fitse","BV","",""
"126","FFOTIHOHY, FFOTIHOHY, FFOTIHOHY, FFOTIHOHY , FFOTY, FFOTY, FFOTY, FAY FOTY, FFOYY, FAY FOTY, FAY FOTY, FOTIOHY","Smalltooth sand tiger or dusky shark/ Odontaspis ferox or Carcharhinus obscurus","Fay Foty","BV","",""
"127","FGOGO, FGOGO, FGOGO,GOGO, GOGO, GOGO, GOGO FINGA","Madagascar sea catfish/ Arius madagascariensis","Fia gogo","Caitlin","",""
"128","FKAPITENE, FKAPITENY,","","Fia Kapitene","","",""
"129","FKAPOAKE, FKAPOAKE, FIA ANKAPOAKE, FIAKAPOAKE, FIAKAPOKE","","","","",""
"130","KAPILANY","","","","",""
"131","FATERAKE","","Fia Terake?","","",""
"132","KARATAKE,","","Taratake","","",""
"133","FKELY TERAKE,KELETERAKE","","","","",""
"134","LEMEMPASE, LEMEPASE","","Lemepase?","","",""
"135","FMAINTE, FMAINTE, FMAINTE , FMAINTY, FMAITE, FMANTE, FIA MAINTY, FMAINTE","","Fia Mainte?","","",""
"136","FMANTAFAO, MANTAFAO, MATAFAO","","Fia Mantafao","","",""
"137","FMANDREDRE, FMANDRENDRE, FMANDRENDRE, MANDRENDRE","","Fia Mandredre","","",""
"138","FMANDREANDOVOKE,","","","","",""
"139","FMENA, FMENA, FMENA, FMENA , FMENA  , FMENA BEMASO, FIA MENA","Squirrelfish, Holocentrinae","Fia Mena","BV","",""
"140","FMOROY, MOROY, MOROSY, FMOROY, FMOROY, MOROY , MORAY, MOROY,  ROY","Lionfish","Fia Moroy","BV","",""
"141","BADIGA","Fish","","","",""
"142","FRARA, FRARA, FAY RARA, FAY RARA, FAY RARA, FAY RARA, RARA FAY, FIARARA, FIRARA","","Fay rara","","",""
"143","RASA FAY","","","","",""
"144","FSAKAVOTO","","","","",""
"145","F,SAVESAVE, FSAVESAVE, FSAVESAE, FSAVESAVE, FSAVESAVE, FSAVESAVE, FSAVESAVY, FSAVISAVY, FSAVISAVY, FSAVESAVE","Fish","Savisavy","","",""
"146","FAY SIFY, FAY SIFY","","","","",""
"147","FSOROBOA, FSOROBOA,  SOROBOA, SOROB OA, SOROBOA, SOROBOA, SOROBOAE","Giant or grayspotted Guitarfish/ rhynchobatus dijddensis or acroteriobatus leucospilus","Fia Soroboa","Caitlin","",""
"148","SOHABA","","","","",""
"149","TAMBOKY,, FTABOKINA, TABOKINA, TAMBOKINY, TAABOKINA,TABIKINA, TABOKONA,TOBOKINA","","","","",""
"150","FTAPAPOROHA, FTAPAPOROHA, FIA TAPAPOROHA","Thumbprint emperor/ Lethrinus harak","Fia Tapaporoha","Caitlin","",""
"151","FTARATAKE, TARATAKE, TARATAKY","Blacktip or brownspotted grouper/ Epinephelus fasciatus or hexagonatus","Fia Taratake","Caitlin","",""
"152","FTIMATIPAOSA, FTRIRIMPAOSA, FTSIRIMPAOSA, FTSIRIMPAOSA, FTSIRIMPAOSA, FTSIRIMPAOSA, FTSIRIMPAQSA, FTSIRIPAOSA, TSIRIMPAOSA","","Fia Tsiripoasa?","","",""
"153","FTOHO, FTOHO, FTOHO, FTOHO, FTONA, FTONA, FIIA TOHO, TOHO, TOHO, TONA, TOKO ,  TONGA","Duckbill sleeper or freshwater goby or speckled goby/ Butis butis or awaous aeneofuscus or redigobius bikolanus","Fia Toho","Caitlin","",""
"154","FTSAMEARENE, FTSAMEARENE, FTSAMEARENE, FTSAMEARENY, FTSIAMEARENE, FTSIAMEARENY","","Fia Tsamearene?","","",""
"155","FTSARA, FTSARA, FTSARA,  FIANTSARA","","Fia tsara","","",""
"156",", FTSARAMATSEROKE","","","","",""
"157","TSARABY","","","","",""
"158","FTSFA, FTSIFA, FTSIFA, FTSIFA, FTSIFAH, FTSIPA, FIANNTSIFA, FIATSIFA","Naso unicornis","Fiantsifa","BV","",""
"159","FTSIKAHITSE, FTSOKAHITA, FTSOKAHITE, FTSOKAHITSE, FTSOKAHITSE, TSOKAHITSE ,","Fish","","","",""
"160","LOVIA","","","","",""
"161","TSITSIKE, TSITSIKE, TSITSIKE, TSIYSIKE, T SITSIKE, TSITSIKY, TSITIKE, TSITSIKA,","","","","",""
"162","FIA TSOIKE, TASOIKE,TSOIK, TSOIKE, TSOIKE , TSOIKE,TSIOKE","","","","",""
"163","FTSORABY, FTSORABY, FTSORABY, ANJARANTSORABY, F,TSORABY, TSORABY, ANTSORABY, TSOBARY","","","","",""
"164","FTSOBARIAKE","","","","",""
"165","BOTANA","","","","",""
"166","LEME,LEME,","","","","",""
"167","VALOZORO,","","","","",""
"168","FVALALA, FVALALA, FVALALA, FVALALA,VALALA, FIA VALALA, FIAVALALA, VALALA FIA, VALALA TAITSE, VALALAFIA, VALALAMPASY, VALALATAITSE","","Valalataitse","","",""
"169","VALORIRA, VALORORA,","","","","",""
"170","FVAREVIKE, FVAREVIKE, FVAREVIKE, FVARIVIKE, VAREVEK",""," Varevike","","",""
"171","VOROMAMJEA, VOROMANDREA, VOROMANJEA","","","","",""
"172","FAY TATAMA, FAY TATAMO","","Fay tatama","","",""
"173","BADIGA","","","","",""
"174","FAY GITARA, FAYGITARA","","Fay Gitara","","",""
"175","FAY ANDEMA, ANDEMA","Rhinobatos","Fay Andema","BV","",""
"176","FELA, KOKIAZY","Cypraediae/ cowries","Fela/ Kokiazy","BV","",""
"177","H NAKORA, H NAKORA, HNAKORA, HNAKORA, HNAKORA, HNAKORRA, AKORA,  HORITA AKORA, HORITANAAKORA,  HORITANAKORA,  HORITANAKORA ,  KOROTANAKORA","Octopus aegina","Horita nakora","BV","",""
"178","LANGOSTE, LANGOUSTA, LANGOUSTE","Lobster","Langousta","","",""
"179","BOZIKE","","","","",""
"180","ZANGA","","","","",""
"181","ANGISINDOLO","Squid","","","",""
"182","FLEDRA, FLEDRALEDRA, FLEDRALEDRA, LEDRALE, LEDRALEDRA, LEJALEJA, LEJELEJA, LEJELEJE, LAEJALEJA","Fish","Lejaleja","","",""
"183","FMPILEVE, FPILEVE, FIA MPILEVE","","Pileve?","","",""
"184","FANO BE, FANO","Turtle","Fano","BV","",""
"185","FITSATSAKE, FOTITSETSAKE, TSAKEAKE,","","","","",""
"186","HIMA","Giant Clam (no species given)","Hima","Caitlin","",""
"187","HOVOHOVO, HVOHOVO,HOVOHOVO","Obicular batfish/ Platax orbicularis","Hovohovo","Caitlin","",""
"188","SOKE, SOKY","Tripneustes gratilla","Soke","","",""
"189","BADIGA,","Fish","","","",""
"190","","","","","",""
"191","","","","","",""
"192","","","","","",""
"193","","","","","",""
