"","WORDS_INDATA","NAME_OTHER","LOCAL_ANIRA","SCI_NAME"
"1","JARIFY, G, NAHOLOK, , O,  HARATO,MAKARAKARA,VOLOSO,MANAMBAITSE, VOLOSOA","Fishing Gear","",NA
"2","ANTSORIMPASE","Fishing Location","",NA
"3","BELAMERA,","Fishing Location","",NA
"4","FIA AROTSY","","EROTSE","ZEBRRASOMA VELIFERUM, ZEBRASOMA DESJARDINII, ZEBRASOMA GEMMATUM, ACANTHUNUS GUTTATUS, ACANTHUNUS LINEATUS, ZEBRASOMA VELIFERUM"
"5","HIAHIA","Shark","",NA
"6","FIA LOGY","","LOGY","RASTRELLIGER KANAGURTA, SELAR CRUMENOPHTHALMUS"
"7","FIA MASIAKE","","FIAMASIAKY","DIAGRAMMA PICTUM"
"8","MOTOLO","","MOLONTO,MOLOTO","CALOTOMUS SPINIDENS"
"9","H , HORITA , BINDRAHORITA,H, H, H , H  , HF, H NAKOHO, HAKOHO, HNAKOHO, HNAOMBE, HSOROBOA, HORIA, HORILE, HORITA, HORITA , LIVAHORITA, H   , H KELY, HORITA, H ORITA, HINTA, HITA, HORIITA, HORITANALE","Octopus","",NA
"10","HEBOTSE,","","LAFO","PTEROIS VOLITANS, NOTOLABRU SPARLUS, PTERAGOGUS FLAGELLIFERA, NOTOLABRUS PARILUS"
"11","FIA, F, F, F,F , F, F, F, FIA, FIA , F  , FIA , FAMPASEA,  FBE, , FIAMPOTY,","Fish","",NA
"12","AFANDRARAME,","","ANJARAME,ANJARAMY","ACANTHUNUS TRIOSTEGUS, ACANTHURUS TRIOSTEGUS"
"13","LOMOTSE,  OMOTSE","Seaweed","",NA
"14","A, A, A , ANGISY,","Squid","",NA
"15","AMPOZO","","AMPOZO","NASO FAGENI, NASO HEXACANTHUS, NASO TUBEROSUS, NASO BRANCHYCENTRON, NASO FAGANI, NASO BREVIROSTRIS, NASO VLAMINGII, NASO ANNULATUS"
"16","ANGY, ANGY","","ANGY","ACANTHURUS LEUCOSTERNON, ACANTHURUS THOMPSONI, CTENOCHAETUS TRUNCATUS, ACANTHURUS NIGROFUSCUS, CTENOCHAETUS BINOTATUS, CTENOSCHRETUS STUATUS, SIGANUS CORALLINUS, ACANTHURUS NIGRICAUDA, ACANTHURUS XANTHOPTERUS, ACANTHURUS MATA, ACANTHURUS TENNENTI, SIGNANUS CARALLINUS"
"17","ANGIVOLA, ANGY VOLA,","","ANGY VOLA","ACANTHURUS LEUCOSTERNON, CTENOCHAETUS BINOTATUS"
"18","ABEHARA","","FIA BEHARA","ZEBRASOMA GEMMATUM"
"19","AMATO","","AMATO","LUTJANUS MONASTIGMA, APRION VIRESCENS, LETHRINUS MAHSENA, LUTJANUS ARGENTIMACULATUS"
"20","AMBARIAKE","","AMBARIAKE,AMBARIAKA","GERE ACINACES, GYMNOCRANIUS GRISEUS, LETHRINUS HARAK, MONOTAXIS GRANDOCULIS, GYMNOCRANIUS GRANDOCULIS, GERRES ACINACES"
"21","ANGY, FAANGY,","","ANGY","ACANTHURUS LEUCOSTERNON, ACANTHURUS THOMPSONI, CTENOCHAETUS TRUNCATUS, ACANTHURUS NIGROFUSCUS, CTENOCHAETUS BINOTATUS, CTENOSCHRETUS STUATUS, SIGANUS CORALLINUS, ACANTHURUS NIGRICAUDA, ACANTHURUS XANTHOPTERUS, ACANTHURUS MATA, ACANTHURUS TENNENTI, SIGNANUS CARALLINUS"
"22","ANTSEDAVA, ANTSERADAVA, ANTSERADAVA, ANTSERADAVA  , ANTSERANDAVA, ATSERADAVA","","ANTSERAKE ANTSIVO","AULOSTOMUS CHINERSIS"
"23","ANTSERAKANTSIVA, ANTSERAKANTSIVA, ANTSERAKATSIVA, ANTSERANANTSIVA , ANTSORAKATSIVA, NTSERAKANTSIVA","","ANTSERAKE ANTSIVO","AULOSTOMUS CHINERSIS"
"24","ANTSEPOHE, ANTSERAMPOHE , ANTSERAPOHE, ANTSERAPOHY, ANTSERAPOLE, ANTSERAPOTY","","ANTSERAKE ANTSIVO","AULOSTOMUS CHINERSIS"
"25","BORISY, BOROSY,  BOSIRY, FIA BOSIRY","","BOSIRY","SIGNANUS SPINUS, SIGANUS SPINUS, SIGANUS LURIDUS"
"26","LEME,LEME","","LEME,LEMY","ANAMPSES GEOGRAPHICUS, ANAMPSES MELANURIS, ANAMPSES MELEAGRIDES, HEMALEOTRIS MAGNIFICA, PTERELEOTRIS EVIDES, GRAMMISTES SEXLINEATUS, AMPHIPRION AKALLOPISOS, AMPHIPRION LATIFASCIATUS, CROMPHOSUS CAERULEUS, EPIBILUS UNSUDIATOR, ANAMPSES CAERULLEOPUNCTATUS, ANAMPSES LINEATUS, LEBROIDES BICOLOR, PSEUDOCHEILINUS HEXATAENIA, MACROPHANYNGODON VIVINAE, CORIS CUVIERI, HALICHOCRES COSMETUS, CORIS CAUDUNACULA, LABRICHTHYS UNILNEATUS, PSEUDOCHEILNUS EVANUDUS, HALICHOERES HORTULANUS, STETHOJULIS BANDANENSIS, STETHOJULIS STRIGIVENTER, THALASSOMA HARDWICKE, CORIS CAUDIMACULA, GOMPHOSUS CAERULEUS, OXYCHEILINUS DIGRAMMUS, CHROMIS NIGRURA, OXYCHEILINUS DIGRAMMA, ANAMPSES CAERULEOPUNCTATUS, ANAMPSES MELANURUS, THALASSOMA LUNARE, BODIANUS AXILLARIS, BODIANUS BILUNULATUS, BODIANUS DIANA, BODIANUS MACROURUS, HALICHOERES MARGINATUS, HALICHOERES NIGRESCENS, HOLOGYMNOSUS ANNULATUS, STETHOJULIS ALBOVITTATA, THALASSOMA AMBLYCEPHALUM, THALASSOMA HEBRAICUM, MACROPHARYNGODON VIVIENAE, EPIBULUS INSIDIATOR, HEMIGYMNUS FASCIATUS, LABRICHTHYS UNILINEATUS, CALOTOMUS SPINIDENS, CETOSCARUS BICOLOR"
"27","BOALIMENA, BOALIMENA NA DANGARODE, BOALY","","BOALIMENA","ETELIS CARBUNCULUS"
"28","FIANDIMOTSE, FIANTSOMOTSE, FONONDOMOTSE","","FIANTSOMOTSE,FIANTSOMOTSE,FIANTSOOTSE","PARUPENEUS BARBERINUS, PARUPENEUS BIFASCIATUS, PARUPENEUS CYCLOSTOMUS, PARUPENEUS HEPTACANTHUS, PARUPENEUS PLEUROSTIGMA, PARUPENEUS RUBESCENS, MULLOIDICHTHYS FLEUOLINEATUS"
"29","FIA GAMO, GAMO, FIAGAMO","","GAMO,GAMO MANDRITSIAMINTSALOTSE,GAMOPAREABAVA","ETEIS CARBUNCULU, PRISTIPOMOIDES FILAMENTOSUS, ETELIS CARBUNCULUS"
"30","HAMBINTSOZO, HAMBITSOZO","","HAMBY","HEMIGYMNUS FASCIATUS, LEBROIDES DIMIDIATUS, LABROIDES DIMIDIATUS"
"31","JOHO, JONJA,   JOKO","","JOHO","LUTJANU ARGENTIMACULATUS, LUTJANUS MONASTIGMA, LUTJANUS SEBAE, LUTJANUS FULVUS, AETHALOPERCA ROGAA, LUTJANUS ARGENTIMACULATUS, LUTJANUS MONOSTIGMA"
"32","KIMIRIKE, KIMIRIKE","","KINIRIKE","SCOMBEROIDES LYSAN"
"33","FIAMBONJO","","FIAMBONDRO,,FIAMBONDRO BEMASO,FIAMBONDRO MENA,,FIAMBONDRO SARIJOHO,FIAMBONDRO SARILAFO,FIAMBONDRO SARILOVO,MBONDRO","CHEILINUS FASCIATUS, CHEILINUS OXYCEPHALUS, CHEILINUS TRILOBATUS, CHEILINUS UNDULATUS, LABRICHTHYS UNILINEATUS, OXYCHEILINUS BIMACULATUS, OXYCHEILINUS DIGRAMMUS, PSEUDOCHEILNUS EVANUDUS, PTERAGOGUS FLAGELLIFERA, EPIBILUS UNSUDIATOR, PSEUDOCHEILINUS EVANIDUS, OXYCHEILINUS DIGRAMMA, HOLOGYMNOSUS ANNULATUS"
"34","MAHALOGY","","MAHALOGY","SELAR CRUMENOPHTHALMUS"
"35","FMAHALOKY","","MAHALOKY,MAHALOKY BEMASO","RASTRELLIGER KANAGURTA, SELAR CRUMENOPHTHALMUS, CAESIO CAERULAUREA, KATSUWONUS PELAMIS"
"36","ANGY","","ANGINKARA,ANGINKARA,ANGINTSOY,ANGIHOALA","CTENOCHAETUS TRUNCATUS, ZEBRASOMA SCOPUS, CTENOCHAETUS STRIATUS, ACANTHUNUS MATA, ACANTHUNUS XANTHOPTERUS, ACANTHTURUS BLOCHII, ACANTHTURUS XANTHOPTERUS, ACANTHURUS BLOCHII, ACANTHURUS XANTHOPTERUS"
"37","SAROBE, SAROLE,","","SAROBE","LUTJANUS KASMIRA"
"38","SORALY, SORANALY, SORIALY, SOROALY","","SORONALE","LUTJANUS KASMIRA, LUTJANUS FULVIFLAMMA"
"39","TAMPAMPANDRA, TAMPAMPOROHA, TAMPAPOROHA","","TAPOROHA","LETHRINUS HARAK"
"40","TSIOMARENE, TSIOMEARENE, TSIONERANE, TSOIMARE, TSOIMARENE, TSOMEAROE","","TSOMEARENY, TSOMIARINY","PLECTORHINCUS ALBOVITTATUS, PLECTORHINCHUS GIBBOSUS, PLECTORHINCHUS SCHOTAF"
"41","TSIOMENA, TSOIKE MENA, TSOIMENA,","","TSOY","MULLOIDICHTHYS VANICAULEUSIS, MULLOIDICHTHYS FLAVOLINEATUS"
"42","TSOOIKE,","","TSOY","MULLOIDICHTHYS VANICAULEUSIS, MULLOIDICHTHYS FLAVOLINEATUS"
"43","TSABEABATO","","TSABEAKE","GNATHODENTEX AUROLINEATUS, LETHEINUS NEBULOSUS, LETHRINUS NEBULOSUS"
"44","ZAGO, ZANGA, ZANGA, ZANGA   , ZANGA PITIKE,   TSK ZANGA, ANGA, FN ZANGA, FT ZANGA, FT ZANGA , FALA ZANGA, JB ZANGA, JM ZANGA, JM ZANGA , JM ZANGA, MAITE ZANGA , SANGA, Z , Z FALA, ZFOLERA, ZANGA DRAGON  , ZTARIKE, ZTONA, ZAGA, ZAGA, ZANA, ZANGA, ZANGA , ZANGA   , ZANGA , ZANGA , ZANGA ,  , ZANGA JBE, ZANGA JM, ZANGA JM, ZANGA KIDA, ZANGA MAINTE,ZANGA MAINTE, ZANGA MAINTE, ZANGA POTIKE, ZANGA SN, ZANGA SONO, ZANGA TARIKE,  ZANGA ZM, ZANGA ZM, ZANGA , ZANGA, ZANG, ZANGA BABAKE, ZANGA BABOKE,  ZANGAA, ZANNGA","Sea cucumber","",NA
"45","DRAKAKE, DRAKAKE, DRAKAKY","Crab","",NA
"46","DRAGON, DRAGO, DRAMGO, DRANGE, DRANGO, DRANGO, DRANGO","Seahorse","",NA
"47","TOHO","","TOHO,,TOHOMPASE,TOHOMPASY","PAPILLOCULICEPS LONGICEPS, NEMATELEOTRIS MAGNIFICA, PTERELEOTRIS EVIDES"
"48","FAMBARIAKE, FAMBARIAKE, FAMBARIAKE, FAMBRIAKE, AMBARIAKEDOSOLOHA, AMBARIAKY, AMBARIKE, FIA AMBARIAKE","","AMBARIAKE,AMBARIAKE BEMASO","GERE ACINACES, GYMNOCRANIUS GRISEUS, LETHRINUS HARAK, MONOTAXIS GRANDOCULIS, GYMNOCRANIUS GRANDOCULIS, GERRES ACINACES"
"49","FAMBITSY, FAMBITSY, , FABITSY, ABITSE,  AMBITSE, AMBITSY, AMBITSY FOTY,  AMPISY,  FIA AMBITSY, FIA AMBTSISY","","AMBITSY,AMBITSY LAVAORO","LETHRINUS OLIVACEUS, LETHRINUS NEBULOSUS<A0>, ELAGATIS BIPINNULATA<A0>, ELAGATIS BIPINNULATA"
"50","FAMBATSOY,FAMBATSOY, FTABATSOY, AMBATSOY,","","AMBATSOY,AMBATSOY VAHO,AMBATSOY VANDA","PLECTROPOMUS PUNCTATUS, ANYPERODON LEUCOGRAMMICUS"
"51","FIA ANTSISY,","","ANTSISY","LETHRINU SHARAK, LUTJANUSFULVIFLAMMA, SCOLOPSIS BIMACULATUS, LETHEINUS HARAK, LETHEINUS OBSELETUS, LETHRINUS RUBRIOPERCULATUS, LETHRINUS HARAK, LETHRINUS MICRODON, LETHRINUS OBSOLETUS, LETHRINUS ORNATUS"
"52","AMBORAMASAKY","","AMBORAMASAKE","MACOLOR NIGER"
"53","FAMBOROY, FAMBORY, FAMBORY,","","AMBORY,AMBORY FOTIHOHY,AMBORY KIOSA,AMBORY LAVATSIFA","NASO BRACHYCENTRONA, NASO BREVIROSTRIS, NASO TUBEROSUS, NASO VLAMINGII, NASO FAGENI, NASO BRACHYCENTRON, NASO HEXACANTHUS, NASO ANNULATUS, NASO BRANCHYCENTRON"
"54","FAMPORAMA, FAMPORAMA, FAMPORAMA, AMPORAMA, AMPRAMA, AMPOARAMA, AMPORA","","AMPORAMA","LUTJANUS FULVUFFLAMMA, LUTJANUS FULVUS, LUTJANUS EHRENBERGII, LUTJANUSFULVIFLAMMA, LUTJANUS MONASTIGMA, LUTJANUS FULVIFLAMMA, LUTJANUS MONOSTIGMA"
"55","FAMPOZA, FAMPOZA, FANAKAMPOZA, FAPOZA, AMOZO, MPOZO, AMPIZO, AMPOOZO, AMPOZO, FIA AMPOZO, AMPAZO,,  FIAMPOZY","","AMPOZA,AMPOZO","ACANTURUS GUTTATUS, ACANTHURUS GUTTATUS, NASO FAGENI, NASO HEXACANTHUS, NASO TUBEROSUS, NASO BRANCHYCENTRON, NASO FAGANI, NASO BREVIROSTRIS, NASO VLAMINGII, NASO ANNULATUS"
"56","FANGELIKE, FANGELIKE, FANGELIKE, FANGLIKE, ANGELEKA, ANGELEKE, ANGELIKE, ANGELIKE , ANGELIKE FOTY, FIA ANGALIKE, FIA ANGELIKE","","ANGELEKE,ANGELIKE","LETHRINUS MAHSENA, LETHRINUS MASHENA, LETHEINUS LENTJAN, LETHEINUS MAHSENA, LETHRINUS LENTJAN"
"57","FBABOKE, FBABOKE, FBE, AMBOKE,BABOKE, FIA BABOKE , FIABAKOBE","","BABOKE","PLATAX TEIRA"
"58","FBODOLOHA, FBODOLOHA, FBODOLOHA, FBODOLOHA, FBODOLOHA, FBOLOHA, FBODOLOHA, FIA BODOLOHA, F,BODOLOHA, BODOLOHA, DOSOLOHA","","BODOLOHA","CALOTOMUS SPINIDENS, CETOSCARUS BICOLOR, CHLORURUS ATRILUNULA, CHLORURUS SORDIDUS, SCARUS FRENATUS, SCARUS NIGER, SCARUS PRASIOGNATHUS, SCARUS PSITTACUS, SCARUS RUBROVIOLACEUS, SCARUS RUSSELLI, SCARUS SCABER, SCARUS TRICOLOR, HIPPOSCARUS HARID, CHLORURUS STRONGYLOCEPHALUS, PRISTOTIS OBTUSIROSTRIS, POMACENTRUS PAVO, SCARUS CAUDOFASCIATUS, CALOTOMUS CAROLINUS, SCARUS GHOBBAN<A0>, SCARUS GHOBBAN, THALASSOMA QUINQUEVITTATUM"
"59","FJOGINY, FJOGINY, FJOGINY,  JOGING NA LOGIMBATO, JOGINY LOGIMBATO, JOSINY, JOGINYLOGIMBATO, JOGINY, LOGINY, LOGY, LONGY","","LOGY","RASTRELLIGER KANAGURTA, SELAR CRUMENOPHTHALMUS"
"60","FKABO, FKABO, FKABO, KABO, FKABKABO,, KABO,   KAMBO, KABA, KABO ,","","KABO,KABO","AROTHRON MELEAGRIS, EPINEPHELUS FUSCOGUTTATUS"
"61","FKABOKABOKE,KABOKABOKE,KABOKE","","KABO KABO","AROTHRON MELEAGRIS, CHROMIS VIRIDIS"
"62","KAMBINTSOZO, KAMBY","","HAMBY","HEMIGYMNUS FASCIATUS, LEBROIDES DIMIDIATUS, LABROIDES DIMIDIATUS"
"63","FKIFALAOTSE, FKIFALAOTSE, KIFALAOTSE, KIFALATSE, KIFALITSE","","KIFALAOTSE","PLECTORHINCHUS GIBBOSUS, DIAGRAMMA PICTUM, KYPHOSUS CINERASCENS, KYPHOSUS VAIGIENSIS"
"64","KIFO","","KIFO","KYPHOSUS CINERACENS, KYPHOSUS VAIGIENSIS, KYPHOSUS CINERASCENS, RHABDOSARGUS SARBA"
"65","FLAFO, LAFO","","LAFO","PTEROIS VOLITANS, NOTOLABRU SPARLUS, PTERAGOGUS FLAGELLIFERA, NOTOLABRUS PARILUS"
"66","LAFIDAKA","","LAFENDAKA","AETHALOPERCA ROGAA"
"67","FLAMATRA, FLAMATRA, FLAMATRA, FLAMATSA, FLAMATSA, LAMATRA, LAMATSA, LAMATRA, LANATRA","","LAMATSA,LAMATRA,LAMANTRA,LAMANTRA","SCOMBEROMORUS COMMERSON, SCOBEROIDES LYSAN, SCOMBEROIDES LYSAN"
"68","FLANORA, FLANORA, FLANORA, FLLANORA, LANORA, FIA LANORA,  LANORA , LANORA KELY, LANORA KELYANANDANORA,  LONORA","","LANORA","CARANGOIDES FULVOGUTTATUS, CARANX IGNOBILIS<A0>, CARANX MELAMPYGUS, CARANX PAPUENSIS, CARANGOIDES FERDAU, CARANX IGNOBILIS"
"69","FLANILANY, FLANILANY, LANILANY, LANILAY, LAGNILAGNY,  LAGNILANGY, LANGILANGY,","","LANILANY","BOTHUS MANCUS"
"70","FLAVANIFY, FLAVANIFY, FLAVANIFY,LAVANIFY","","LAVANIFY","LETHRINUS OLIVACEUS"
"71","FLEME, FLEME, LEME,  LEME,  FIA LEME, FIALEME,  LAME , LEMA, LEME , LEME,, LEME, LEME LEME,HIMA, LEMELEME","","LEME,LEME","ANAMPSES GEOGRAPHICUS, ANAMPSES MELANURIS, ANAMPSES MELEAGRIDES, HEMALEOTRIS MAGNIFICA, PTERELEOTRIS EVIDES, GRAMMISTES SEXLINEATUS, AMPHIPRION AKALLOPISOS, AMPHIPRION LATIFASCIATUS, CROMPHOSUS CAERULEUS, EPIBILUS UNSUDIATOR, ANAMPSES CAERULLEOPUNCTATUS, ANAMPSES LINEATUS, LEBROIDES BICOLOR, PSEUDOCHEILINUS HEXATAENIA, MACROPHANYNGODON VIVINAE, CORIS CUVIERI, HALICHOCRES COSMETUS, CORIS CAUDUNACULA, LABRICHTHYS UNILNEATUS, PSEUDOCHEILNUS EVANUDUS, HALICHOERES HORTULANUS, STETHOJULIS BANDANENSIS, STETHOJULIS STRIGIVENTER, THALASSOMA HARDWICKE, CORIS CAUDIMACULA, GOMPHOSUS CAERULEUS, OXYCHEILINUS DIGRAMMUS, CHROMIS NIGRURA, OXYCHEILINUS DIGRAMMA"
"72","TAKALO","","TAKALO","OSTRACION MELEAGRIS, OSTRACION CUBICUS"
"73","AMPOZO","","AMPOZO","NASO FAGENI, NASO HEXACANTHUS, NASO TUBEROSUS, NASO BRANCHYCENTRON, NASO FAGANI, NASO BREVIROSTRIS, NASO VLAMINGII, NASO ANNULATUS"
"74","FLOVO, FLOVO, FLOVO, FLOVO FLOVO  FLOVO SARA, FLOVOHARA, FLOVOHARA, FLOVOHARA, FLOVOHO, LOVO, LOVOHARA, LOVOBE,  LOSOLOSO, LOVOFISAKA, LOVOKABO , OLOVO, OLOVOANGARERA, OLOVOKABO,  FIA OLOVO","","LOVO","PLECTORHINCHUS ALBOVITATUS, EPINEPHELUS MULTINOTATUS, PLECTOPOMUS LAEVIS, PLECTOPOMUS PUNCTATUS, EPINEPHELUS FUSCOGUTTATUS, CEPHALOPHOLIS SONNERATI<A0>, CEPHALOPHOLIS URODETA, PLECTROPOMUS PUNCTATUS, EPINEPHELUS FASCIATUS, EPINEPHELUS CAERULEOPUNCTATUS, ANYPERODON LEUCOGRAMMICUS, CEPHALOPHOLIS MINIATA, CEPHALOPHOLIS SEXMACULATA, PLECTORHINCHUS ALBOVITTATUS, PLECTROPOMUS LAEVIS, CEPHALOPHOLIS SONNERATI, ANYPERADON LEUCOGRAMMICUS"
"75","FLOVONAKANGA, FLOVONAKANGA, FIAKANGA,  FIANAKANGA, FIANAKANGA, FIANAKNGA, FIANAKOHO, FIANAKONJO, FIANAKOHO, FIANKANGA, FIIANAKANGA","","LOVOHARANAKANGA","CEPHALOPHOLIS MINIATA"
"76","FMALILY, FMALINIKY, MMALILY, MALILA","","MALILY","MACOLOR NIGER"
"77","ANTSERAKE MALINIKE","","ANTSERAKE ANTSIVO","AULOSTOMUS CHINERSIS"
"78",", FMENASOFY, FMENASOFY, FMENASOFY,MENASOFY","","MENASOFY","LETHRINUS LENTJAN"
"79","FMOLONTO, FMOLONTO, MOLONTO, MOLOTO","","MOLONTO,MOLOTO","CALOTOMUS SPINIDENS"
"80","FSALABARO, SABALARO,  SALABARO","","SALABARO","APRION VIRESCENS, LUTJANUS SANGUINEUS, LUTJANNUS GIBBUS, PLECTORHINCHUS SCHOTAF, LUTJANUS GIBBUS, LETHRINUS NEBULOSUS<A0>, LUTJANUS FULVUS, LUTJANUS RIVULATUS, LUTJANUS SEBAE, LETHRINUS NEBULOSUS"
"81","SORONALE,FSORONALE, FSORONALE,SORONALY","","SORONALE","LUTJANUS KASMIRA, LUTJANUS FULVIFLAMMA"
"82","FTABAKE, FTABAKE, FTABAKE, FTABAKY, FTABIKE, TABAKY,, FIA TABAKE, TABAK, TABAKA, TABAKE,  TABAVI, TABKE, TABOKE, TAHAKE, TAMBAKE , TOBAKE","","TABAKE","AROTHRON NIGROPUNCTATUS"
"83","FTSABEAKE, FTSABEAKE, FTSABEAKE, FTSABEAKY, FTSABEAKY, TSABEAKY,TSABEAKE , TSABEANE","","TSABEAKE","GNATHODENTEX AUROLINEATUS, LETHEINUS NEBULOSUS, LETHRINUS NEBULOSUS"
"84","FTSONTSO, FIA TSONTSO, TSONTSO, FTSON, FTSONSO, FTSONTSO, TSONTSO, TAOTSO, TSONTSO, ,  TSONTSO, TSONTSO, TAKALO, TSONTSO TSONTSONDAMBO, TSONTSONDAMBO, TSORITSO, TSOSO, TSOTSO","","TSONTSO,TSONTSO ALAOTSE,TSONTSO FANIA,TSONTSO FANIHY,TSONTSO SIKILY,TSONTSO TSIMALAHO,TSONTSOMBOLA,TSONTSOMKARA","LETHRINUS OBSOLETUS, BALISTOIDES VIRIDENSCENS, PSEUDOBALISTES FUSCUS, RHINECANTHUS ACULEATUS, SUFFLAMEN BURSA, PHINECANTHUS ACULEATUS, ABALISTES STELLATUS, BALISTAPUS UNDULATUS, CANTHIGASTER AMBOINENSIS, BALISTOIDES CONSPICILLUM, MELICHTHYS INDICUS, MELICHTHYS NIGER, BALISTOIDES VIRIDESCENS, PSEUDOBALISTES FURCUS, ABALISTES STELLATTUS, ODUNUS NIGER, OXYMONOCANTHUS LONGIROSTRIS, AMANSES SCOPES, ALUTERUS SCRIPTUS, CENTHEALUVRES DUMERILII, CENTHEAHINES PARDELIS, ODONUS NIGER, PERVAGER JAUTHINOSOMA"
"85","FTSOY, FTSOY, FTSOY, FTSOY , FTSOY , FTSOY  , FTSOY ANTSISY,FTSOY BE, FTSOY DAFE, FTSOY MALINIKE,FTSOY MALINIKE,FTSOY ROTSE, FTSOYMALINIKE, FTSOYMALINIKE, FTSOYMALINIKY, TSOY, FI A  TSOIKE, TSOY DAFE, TSOY DAFY, TSOY MENA","","TSOY","MULLOIDICHTHYS VANICAULEUSIS, MULLOIDICHTHYS FLAVOLINEATUS"
"86","TSY OMEA RENE","","TSIOMEARENE","PLECTORHINCUS ALBOVITTATUS, PLECTORHINCHUS GIBBOSUS"
"87","FVARAVARA,FVARAVARA, VARAVARA,VARELAVA","","VARAVARA,VARAVARAMAHOZATSE","LUTJANUS SANGUINEUS, PRISTIPOMOIDES FILAMENTOSUS, LUTJANUS BOHAR, LUTJANU ARGENTIMACULATUS, LUTJANUS ARGENTIMACULATUS"
"88","FVORAMADAKE, FVORAMASAKE, FVORAMASAKE, FVORAMASAKE, FVORAMASAKY, FVORRAMASAKE, FVRAMASAKE, VORAMASAKE,FIA VORAMASAKE, VOARAMASAKE, VORAMASAE, VORAMASAKA, VORAMASAKE , VORAMASAKE MALINIKY, VORAMASAKY, VORAMASAKY MALINIKY, VORAMASALE, VORAMSAKE, VOROMASAKA, VOROMASAKE","","VORAMASAKE,VORAMASAEKE","SIGANUS NETOR, SIGANUS SUTOR<A0>, SIGANUS SUTOR, SIGANUS STELLATUS"
"89","FVOTOSAKA, FVOTSANDRA, FVOTSANDRA, FVOTSANDRA, FVOTSO, VOTSANJA, FVOTSANDRA, VOTSANDRA, VOTSANDRA, VOTSODA, FVONTSO, VONITSANDRA, VONTSANDRA, VONTSANJA,  VOSANJA, VOTANDRA, VOTRANDRA, VOTSA, VOTSAMDRA, VOTSANDA, VOTSANJA , VOTSO","","VOTSANDRA,VOTSANJA,VOTSANDRA SAMPA","BALISTAPUS UNDULATUS, SUFFLAMEN BURSA, BALISTOIDES VIRIDESENS, PSEUDOBALISTES FURCUS, ODUNUS NIGER, ABALISTES STELLATUS, BALISTOIDES VIRIDESCENS, PSEUDOBALISTES FUSCUS, ODONUS NIGER"
"90","FAY, FAY, FAY, FAY  , FAY , FAY VANDA, FAAY, FALE, FAY , FAY B, FAY BE, FAY BEVATA, FAY,   FAY, ZANGA,  FAYLEJALEJA","Ray","",NA
"91","FONGIKE, FFONGIKE, ONGOKE","","ONGIKE, ONGIKY","SCOLOPSIS GHANAM, MACOLOR NIGER, BODIANUS ANTHIOIDES"
"92","GEBA, SAREGEBA , SARIBEBA","","GEBA","HERKIOTSICHTHYS QUADRIMACULATUS, HERKLOTSICHTHYS QUADRIMACULATUS"
"93","L, L , LAMERA, LAMERA, LAMERA, LAMERA TANAMPANO, LAMERANKENA, LLAMERA,  LAMAIRA, LAMEERA, LAMERA , LAMERA BADIGA, LAMERA BADIJA, LEMERA","","LAMAIRA,LAMAIRAKINA,LAMAIRA FESOTSE AMBATO,LAMAIRA KINA,LAMAIRANKENA","GYMNOTHORAX JAVANICUS, ECHIDNA NEBULOSA, GYMNOMURAENA ZEBRA, GYMNOTORAX JAVANICUS"
"94","FSAPIATA,SAMPIATA, SAPIATA, SAPIATA, FSAPIATA","","SAPIATA","CTENOCHAETUS STRIATUS, ACANTHURUS NIGROFUSCUS, CTENOCHAETUS TRUNCATUS, CTENOSCHRETUS STUATUS, HALICHOERES NIGRESCENS"
"95","TAKALO, TAKALO, TAKAHO","","TAKALO,TAKALO VAVY","OSTRACION MELEAGRIS, OSTRACION CUBICUS"
"96","ANJARAME","","ANDRARAME,ANDRARAMY","ACANTHURUS TRIOSTEGUS"
"97","BOTANA, BONTANA, BOTAN, BOTANA , BOTANA MALINIKE, BOTANA, , BOTANA, BOTANA","","BOTANA,BOTANA KATSA,BOTANA LOVO","AROTHRON NIGROPUNCTATUS, CANTHIGASTER AMBOINENSIS, CANTHIGASTER BENNETTI, CANTHIGASTER PETERSII, CANTHIGASTER SMITHAE, CANTHIGASTER SOLANDRI, CANTHIGASTER VALENTINI, AROTHRON HISPIDUS"
"98","DORATE, DOROTE","","DROITE, DROITES","CORYPHAENA HIPPURUS<A0>, CORYPHAENA HIPPURUS"
"99","TSABOKOKODO, TSABOKORAODO, TSABOKORODO, TSABORANDANDA, TSABOREKODE, TSABORO, TSABOROKODO, TSABOROKONDO, TSABORONKODO, TSAMBOROKODE, TSAMBOROKODO , TSOBOKORODO","","TSIKOROKODO","STEGASTES NIGRICANS, NEOGIYPHIDODON MELUS"
"100","FSABONTO,","","SABONTO,SABONTO BOLE,SABONTO JAUNE,SABONTO LAVAHOHY,SABONTO MAINTE","THUNNUS OBESUS, THUNNUS ALBOCORES, RASTRELLIGER KANAGURTA, KATSUWONUS PELAMIS, EUTHYNNUS AFFINIS, SCOLOPSIS GHANAM, THUNNUS ALBACARES, CENTROPYGE BISPINOSA"
"101","TSEDAFE,  TSIDAFE, TSIODAFE, TSIOKAFY,  TSOIDAFE, TSOIDAFY, TSOIDAY, TSOIDEFE ,","","TSOY,TSOY JAINE,TSOY ZONY","MULLOIDICHTHYS VANICAULEUSIS, MULLOIDICHTHYS FLAVOLINEATUS, MULLOIDICHTHYS VANICOLENSIS"
"102","HABY, HABY, HAMBY","","HAMBY","HEMIGYMNUS FASCIATUS, LEBROIDES DIMIDIATUS, LABROIDES DIMIDIATUS"
"103","FKINIRIKE, KINIRIKE","","KINIRIKE","SCOMBEROIDES LYSAN"
"104","LIVA, LIVA,  LIVA,  LIVA B, LIVA BE, LIVA BEVATA, LIVA KELY, LIVA MALINIKE","","ANTSIVA",""
"105","BOTANA","","BONTANA","PSEUDOBALISTES FUSCUS, OSTRACION MELEAGRIS"
