,"""x"""
1,
2,0
3,"""a"""
4,"""A"""
5,"""A """
6,"""A.BEHARA"""
7,"""AMATO"""
8,"""AMBARIAKE"""
9,"""ANGI-BATO"""
10,"""ANGIM-BATO"""
11,"""ANGISIM-BATO"""
12,"""ANGISY"""
13,"""Angisy dolo"""
14,"""ANGSY"""
15,"""ANGY"""
16,"""ANTSERAKE"""
17,"""b"""
18,"""B"""
19,"""Bboziky/joka"""
20,"""Beja"""
21,"""BEJA"""
22,"""benono"""
23,"""BENONO"""
24,"""BETAMPY"""
25,"""Bindra/horita"""
26,"""BODOLOHA"""
27,"""bokahi"""
28,"""Boz ike"""
29,"""bozike"""
30,"""Bozike"""
31,"""BOZIKE"""
32,"""BOZIKE """
33,"""Bozike Joka"""
34,"""Bozike Jonka"""
35,"""BOZIKE JONKA"""
36,"""BOZIKE MENA"""
37,"""Boziky"""
38,"""dakake"""
39,"""dorilisy"""
40,"""DORILISY"""
41,"""DOROLISY"""
42,"""DRAGON"""
43,"""drakake"""
44,"""Drakake"""
45,"""E"""
46,"""f"""
47,"""F"""
48,"""F """
49,"""F,BODOLOHA"""
50,"""F,foty"""
51,"""F,SAVESAVE"""
52,"""F,Tsifa"""
53,"""F,Tsoraby"""
54,"""F..savesave"""
55,"""F.A.Angy"""
56,"""F.Abitsy"""
57,"""F.aloalo"""
58,"""F.Aloalo"""
59,"""F.ALOALO"""
60,"""F.aloalo  """
61,"""F.aloalo be"""
62,"""F.aloalo kely"""
63,"""F.ambariake"""
64,"""F.Ambariake"""
65,"""F.AMBARIAKE"""
66,"""F.Ambatsoy"""
67,"""F.Ambitsozo"""
68,"""F.Ambitsy"""
69,"""F.AMBITSY"""
70,"""F.Amboroy"""
71,"""F.Ambory"""
72,"""F.AMBORY"""
73,"""F.AMBRIAKE"""
74,"""F.Amongo"""
75,"""F.Ampase"""
76,"""F.amporama"""
77,"""F.Amporama"""
78,"""F.AMPORAMA"""
79,"""F.Ampoza"""
80,"""F.AMPOZA"""
81,"""F.anak'ampoza"""
82,"""F.andrarame"""
83,"""F.angelike"""
84,"""F.Angelike"""
85,"""F.ANGELIKE"""
86,"""f.Angerera"""
87,"""F.Angerera"""
88,"""F.ANGERERA"""
89,"""F.ANGLIKE"""
90,"""F.angy"""
91,"""F.ANGY"""
92,"""F.anterake"""
93,"""F.antisy"""
94,"""F.ANTSERAKE"""
95,"""F.antseraky"""
96,"""F.ANTSIRIMPOTAKE"""
97,"""F.antsisy"""
98,"""F.Antsisy"""
99,"""F.ANTSISY"""
100,"""F.ANTSISY PETAKE"""
101,"""F.antssy"""
102,"""F.Apoza"""
103,"""F.areloha"""
104,"""F.Aterake"""
105,"""F.Babake"""
106,"""F.baboke"""
107,"""F.Baboke"""
108,"""F.be"""
109,"""f.Bemaso"""
110,"""F.bemaso"""
111,"""F.Bemaso Mena"""
112,"""f.Bodoloha"""
113,"""F.bodoloha"""
114,"""F.Bodoloha"""
115,"""F.BOdoloha"""
116,"""F.BODOLOHA"""
117,"""F.boloha"""
118,"""F.bondro"""
119,"""F.Bondro"""
120,"""F.BOTIRA"""
121,"""F.BOTSOTSOKO"""
122,"""F.Dabandriake"""
123,"""F.DABANDRIAKE"""
124,"""F.fitse"""
125,"""F.Fitse"""
126,"""F.FITSE"""
127,"""F.fotihohy"""
128,"""F.Fotihohy"""
129,"""F.FOTIHOHY"""
130,"""F.FOTIHOHY """
131,"""f.foty"""
132,"""F.foty"""
133,"""F.FOTY"""
134,"""F.fsifa"""
135,"""F.gogo"""
136,"""F.Gogo"""
137,"""F.GOGO"""
138,"""F.joginy"""
139,"""F.Joginy"""
140,"""F.JOGINY"""
141,"""F.kabo"""
142,"""F.Kabo"""
143,"""F.KABO"""
144,"""F.kapitene"""
145,"""F.kapiteny"""
146,"""F.Kapoake"""
147,"""F.KAPOAKE"""
148,"""F.kely terake"""
149,"""F.Kifalaotse"""
150,"""F.KIFALAOTSE"""
151,"""F.kinirike"""
152,"""F.Lafo"""
153,"""F.lamatra"""
154,"""F.Lamatra"""
155,"""F.LAMATRA"""
156,"""F.Lamatsa"""
157,"""F.LAMATSA"""
158,"""F.lanilany"""
159,"""F.LANILANY"""
160,"""F.lanora"""
161,"""F.Lanora"""
162,"""F.LANORA"""
163,"""F.lavanify"""
164,"""F.Lavanify"""
165,"""F.LAVANIFY"""
166,"""F.Leme"""
167,"""F.leontine"""
168,"""F.llanora"""
169,"""f.lovo"""
170,"""f.loVO"""
171,"""F.lovo"""
172,"""F.LOVO"""
173,"""F.lovo """
174,"""F.lovo sara"""
175,"""F.lovohara"""
176,"""F.Lovohara"""
177,"""F.LOVOHARA"""
178,"""F.lovoho"""
179,"""F.lovonakanga"""
180,"""F.LOVONAKANGA"""
181,"""F.Mahaloky"""
182,"""F.mainte"""
183,"""F.Mainte"""
184,"""F.mainte """
185,"""F.mainty"""
186,"""F.maite"""
187,"""F.Malily"""
188,"""F.maliniky"""
189,"""F.mandreandovoke"""
190,"""F.Mandredre"""
191,"""F.Mandrendre"""
192,"""F.MANDRENDRE"""
193,"""F.Mangerelavenoke"""
194,"""F.Mantafao"""
195,"""F.mante"""
196,"""F.MBONDRO"""
197,"""F.mena"""
198,"""F.Mena"""
199,"""F.MENA"""
200,"""F.Mena """
201,"""F.Mena  """
202,"""F.MENA BEMASO"""
203,"""F.menasofy"""
204,"""F.Menasofy"""
205,"""F.MENASOFY"""
206,"""F.Molonto"""
207,"""F.MOLONTO"""
208,"""F.Moroy"""
209,"""F.Mpivondrake"""
210,"""F.NAOMBE"""
211,"""F.ongike"""
212,"""F.rara"""
213,"""F.Rara"""
214,"""F.sakavoto"""
215,"""F.SALABARO"""
216,"""F.sapiata"""
217,"""F.savesae"""
218,"""F.savesave"""
219,"""F.Savesave"""
220,"""F.SAVESAVE"""
221,"""F.savesavy"""
222,"""F.savisavy"""
223,"""F.SAVISAVY"""
224,"""F.soroboa"""
225,"""F.SOROBOA"""
226,"""F.Soronale"""
227,"""F.SORONALE"""
228,"""F.tabake"""
229,"""F.Tabake"""
230,"""F.TABAKE"""
231,"""F.TABAKY"""
232,"""F.tabike"""
233,"""F.TALANTARA"""
234,"""F.tapaporoha"""
235,"""F.Tapaporoha"""
236,"""F.taramatse"""
237,"""F.Taratake"""
238,"""F.timatipaosa"""
239,"""f.toho"""
240,"""F.toho"""
241,"""F.Toho"""
242,"""F.TOHO"""
243,"""F.Tona"""
244,"""F.TONA"""
245,"""F.Tririmpaosa"""
246,"""F.tsabeake"""
247,"""F.Tsabeake"""
248,"""F.TSABEAKE"""
249,"""F.tsabeaky"""
250,"""F.Tsabeaky"""
251,"""F.tsamearene"""
252,"""F.Tsamearene"""
253,"""F.TSAMEARENE"""
254,"""F.tsameareny"""
255,"""F.tsara"""
256,"""F.Tsara"""
257,"""F.TSARA"""
258,"""F.Tsaramatseroke"""
259,"""F.tsfa"""
260,"""F.TSIAMBOLOMASO"""
261,"""f.tsiamearene"""
262,"""F.tsiameareny"""
263,"""F.tsifa"""
264,"""F.Tsifa"""
265,"""F.TSIFA"""
266,"""F.tsifaH"""
267,"""F.tsikahitse"""
268,"""F.tsipa"""
269,"""f.Tsirimpaosa"""
270,"""F.tsirimpaosa"""
271,"""F.Tsirimpaosa"""
272,"""F.TSIRIMPAOSA"""
273,"""F.TSIRIMPAQSA"""
274,"""F.tsiripaosa"""
275,"""F.Tsobariake"""
276,"""F.tsokahita"""
277,"""F.tsokahite"""
278,"""F.tsokahitse"""
279,"""F.Tsokahitse"""
280,"""F.TSONTSO"""
281,"""F.tsoraby"""
282,"""F.Tsoraby"""
283,"""F.TSORABY"""
284,"""F.tsoy"""
285,"""F.Tsoy"""
286,"""F.TSOY"""
287,"""F.tsoy """
288,"""F.TSOY """
289,"""f.tsoy  """
290,"""F.Tsoy Antsisy"""
291,"""F.TSOY BE"""
292,"""F.TSOY DAFE"""
293,"""F.Tsoy malinike"""
294,"""F.TSOY MALINIKE"""
295,"""F.Tsoy rotse"""
296,"""F.tsoymalinike"""
297,"""F.TsoyMalinike"""
298,"""F.TsoyMaliniky"""
299,"""f.v0ramasake"""
300,"""f.valala"""
301,"""F.valala"""
302,"""F.Valala"""
303,"""F.VALALA"""
304,"""F.Varavara"""
305,"""F.VARAVARA"""
306,"""F.varevike"""
307,"""F.Varevike"""
308,"""F.VAREVIKE"""
309,"""F.varivike"""
310,"""F.VATSITSA"""
311,"""F.vontso"""
312,"""F.voramadake"""
313,"""F.voramasake"""
314,"""F.Voramasake"""
315,"""F.VORAMASAKE"""
316,"""F.voramasaky"""
317,"""F.Vorramasake"""
318,"""F.Votosaka"""
319,"""f.votsandra"""
320,"""F.votsandra"""
321,"""F.Votsandra"""
322,"""F.Votso"""
323,"""F;be"""
324,"""F;bodoloha"""
325,"""F;savesave"""
326,"""F1"""
327,"""F2"""
328,"""F3"""
329,"""fay"""
330,"""Fay"""
331,"""FAY"""
332,"""Fay  """
333,"""Fay Andema"""
334,"""Fay Foty"""
335,"""fay rara"""
336,"""Fay rara"""
337,"""Fay Rara"""
338,"""FAY RARA"""
339,"""Fay sify"""
340,"""Fay Sify"""
341,"""FELA"""
342,"""fF.Ongike"""
343,"""FIA"""
344,"""FIA """
345,"""FIA ANGY"""
346,"""FIA BANA"""
347,"""FIA BODOLOHA"""
348,"""FIA FITSE"""
349,"""FIA KIMBOROKE"""
350,"""FIA MAINTY"""
351,"""FIA TSONTSO"""
352,"""fia VARILAVA"""
353,"""FIANTSOFA"""
354,"""FIIA TOHO"""
355,"""FITSE"""
356,"""Fmainte"""
357,"""FTABATSOY"""
358,"""G"""
359,"""gamo"""
360,"""geba"""
361,"""gogo"""
362,"""Gogo"""
363,"""GOGO"""
364,"""h"""
365,"""H"""
366,"""H """
367,"""H  """
368,"""H nakoho"""
369,"""H nakora"""
370,"""H Nakora"""
371,"""H.AKOHO"""
372,"""H.F"""
373,"""H.nakoho"""
374,"""H.nakora"""
375,"""H.Nakora"""
376,"""H.NAKORA"""
377,"""H.Nakorra"""
378,"""H.NAOMBE"""
379,"""H/soroboa"""
380,"""HORIA"""
381,"""HORILE"""
382,"""HORITA"""
383,"""HORITA """
384,"""JARIFY"""
385,"""JOGINY"""
386,"""JOKO"""
387,"""KABO"""
388,"""Kapilany"""
389,"""L"""
390,"""L """
391,"""LAFO"""
392,"""lamatra"""
393,"""LAMATSA"""
394,"""lamera"""
395,"""Lamera"""
396,"""LAMERA"""
397,"""LAMERA TANAMPANO"""
398,"""LAMERAN-KENA"""
399,"""LANGOSTE"""
400,"""LANGOUSTA"""
401,"""LANILANY"""
402,"""LANILAY"""
403,"""LANORA"""
404,"""Liva/horita"""
405,"""LOMOTSE"""
406,"""LOVO"""
407,"""LOVOHARA"""
408,"""M.malily"""
409,"""mabolotsetaly"""
410,"""Mamilaotse"""
411,"""Morosy"""
412,"""MOROY"""
413,"""n"""
414,"""Naholok"""
415,"""ND"""
416,"""sampiata"""
417,"""sapiata"""
418,"""SAPIATA"""
419,"""SARIGEBA"""
420,"""SOROBOA"""
421,"""SORONALE"""
422,"""SORONALY"""
423,"""tabaky"""
424,"""Takalo"""
425,"""TAKALO"""
426,"""TAMBOKY"""
427,"""TOHO"""
428,"""TSABEAKE"""
429,"""tsitsike"""
430,"""Tsitsike"""
431,"""TSITSIKE"""
432,"""Tsiysike"""
433,"""TSONTSO"""
434,"""VARAVARA"""
435,"""VAREVEK"""
436,"""Varilava"""
437,"""VARILAVA"""
438,"""vary lary"""
439,"""voramasake"""
440,"""VOTSANJA"""
441,"""Z"""
442,"""Z.JOMALY"""
443,"""Z.TSOKENA"""
444,"""ZAGO"""
445,"""zanga"""
446,"""ZANGA"""
447,"""zanga   """
448,"""zanga benono"""
449,"""zanga BENONO"""
450,"""Zanga benono"""
451,"""Zanga Benono"""
452,"""Zanga Dorilisy"""
453,"""Zanga dorlisy"""
454,"""zanga dorolisy"""
455,"""ZANGA FOTITSETSAKE"""
456,"""Zanga Foty"""
457,"""ZANGA FOTY"""
458,"""ZANGA PITIKE"""
459,"""ZANGA TRONKENA"""
460,"""Zanga Tsokena"""
461,"""zanga zomaly"""
462,"""Zanga zomaly"""
463,"""Zanga Zomaly"""
464,"""Zangambato"""
465,"""ZOMALY """
