1,2
2,"""  TS.K ZANGA"""
3,"""2anga"""
4,"""A.NDOLO"""
5,"""AKORA"""
6,"""AMBATSOY"""
7,"""AMBORAMASAKY"""
8,"""AMPORAMA"""
9,"""Anakake """
10,"""Angindolo"""
11,"""ANGISINDOLO"""
12,"""angisy"""
13,"""ANJARAME"""
14,"""ANTSIVA"""
15,"""Antsive"""
16,"""b.N Zanga"""
17,"""B.N Zanga"""
18,"""B.N Zanga """
19,"""b.N Zanga """
20,"""B0zike"""
21,"""Bbzike"""
22,"""beja"""
23,"""Beja """
24,"""Belamera"""
25,"""benja"""
26,"""Benono"""
27,"""BETAMPE"""
28,"""BOTANA"""
29,"""BOZIDN-AHY"""
30,"""Bozike """
31,"""BOZIKE 1"""
32,"""BOZIKE 5"""
33,"""BOZIKE.JONKA"""
34,"""BOZIKE30"""
35,"""boziky"""
36,"""DORATE"""
37,"""Dorlisy"""
38,"""dorolisy"""
39,"""dorote"""
40,"""DRAGO"""
41,"""drakaky"""
42,"""Dramgo"""
43,"""drange"""
44,"""DRANGO"""
45,"""Drango"""
46,"""drango"""
47,"""F  """
48,"""F.Antserake"""
49,"""F.BOTSOTSOKE"""
50,"""F.foyy"""
51,"""F.KABKABO"""
52,"""F.kabokaboke"""
53,"""F.ledra"""
54,"""F.ledraledra"""
55,"""F.LEDRALEDRA"""
56,"""F.LEME"""
57,"""F.moroy"""
58,"""F.MOROY"""
59,"""F.MPILEVE"""
60,"""F.N Zanga"""
61,"""F.PILEVE"""
62,"""F.SABONTO"""
63,"""F.SAPIATA"""
64,"""F.T Zanga"""
65,"""F.T Zanga """
66,"""F.TABOKINA"""
67,"""F.TSON6"""
68,"""F.TSONSO"""
69,"""F.tsontso"""
70,"""F.VOTSANDRA"""
71,"""fa gitara"""
72,"""Fala Zanga"""
73,"""FALALIJAKY"""
74,"""fano be"""
75,"""FAY 1"""
76,"""Fay foty"""
77,"""fay foty"""
78,"""FAY TATAMA"""
79,"""Fay Vanda"""
80,"""fia"""
81,"""fia lame"""
82,"""FIA MPILEVE"""
83,"""FIAMPOTY"""
84,"""FIANTSIFA"""
85,"""FITSATSAKE"""
86,"""FOTITSETSAKE"""
87,"""H   """
88,"""H kely"""
89,"""haby"""
90,"""HABY"""
91,"""HAMBY"""
92,"""HEBOTSE"""
93,"""HIMA"""
94,"""horita"""
95,"""HOVOHOVO"""
96,"""HVOHOVO"""
97,"""J.B Zanga"""
98,"""J.M Zanga"""
99,"""J.M Zanga """
100,"""J-M Zanga"""
101,"""JONKA"""
102,"""kabo"""
103,"""KABOKABOKE"""
104,"""KABOKE"""
105,"""KAMBO"""
106,"""katsa"""
107,"""KINIRIKE"""
108,"""KOKIAZY"""
109,"""L+L532AMERA"""
110,"""Lamatra"""
111,"""lanatra"""
112,"""lapo"""
113,"""ledrale"""
114,"""Ledraledra"""
115,"""LEJALEJA"""
116,"""LEME"""
117,"""LIVA"""
118,"""Liva"""
119,"""lovobe"""
120,"""Maite Zanga """
121,"""MANDRENDRE"""
122,"""MANTAFAO"""
123,"""MATAFAO"""
124,"""Moroy """
125,"""NA"""
126,"""NGISIMBATO"""
127,"""NJONKA"""
128,"""Rara Fay"""
129,"""Rasa Fay """
130,"""sanga"""
131,"""sohaba"""
132,"""soke"""
133,"""SOKY"""
134,"""SOROB OA"""
135,"""Soroboa"""
136,"""soroboa"""
137,"""SOROBOAE"""
138,"""T SITSIKE"""
139,"""TABOKINA"""
140,"""Takaho"""
141,"""TAMBOKINY"""
142,"""toho"""
143,"""TONA"""
144,"""TRONKENA"""
145,"""Ts.K Zanga"""
146,"""TS.k Zanga"""
147,"""tsabeaky"""
148,"""Tsaiso"""
149,"""tsitsiky"""
150,"""TS-Ka Zanga"""
151,"""tsoka"""
152,"""Tsoken Zanga"""
153,"""TSONKENA"""
154,"""tsontso"""
155,"""TSORABY"""
156,"""TSOY"""
157,"""valala"""
158,"""Voloso"""
159,"""Votsandra"""
160,"""VOTSANDRA"""
161,"""votsoda"""
162,"""Z 10"""
163,"""Z. FALA"""
164,"""Z.BENONO"""
165,"""Z.FOLERA"""
166,"""Z.Fotitsetseke"""
167,"""Z.FOTITSETSEKE"""
168,"""Z.TARIKE"""
169,"""Z.TONA"""
170,"""zaga"""
171,"""ZAGA"""
172,"""Zagz tsokena"""
173,"""zamaly Z.M"""
174,"""ZAN GA b"""
175,"""zana"""
176,"""zana benono"""
177,"""Zanga"""
178,"""ZANGA """
179,"""Zanga   """
180,"""ZANGA 1"""
181,"""ZANGA 4"""
182,"""ZANGA 6"""
183,"""ZANGA b"""
184,"""zanga b.n"""
185,"""zanga b.N"""
186,"""Zanga b.N"""
187,"""ZANGA b.t"""
188,"""ZANGA BENONO"""
189,"""ZANGA BENONOI"""
190,"""ZANGA BOROSY"""
191,"""ZANGA do"""
192,"""ZANGA DORILISY"""
193,"""Zanga dorilisy"""
194,"""Zanga Dorlisy"""
195,"""zanga Dorolisy"""
196,"""Zanga dorolisy"""
197,"""ZANGA DRAGON  """
198,"""zanga F.TS"""
199,"""ZANGA FALALIJAKY"""
200,"""zanga folera"""
201,"""Zanga Fotitsetsake"""
202,"""Zanga foty"""
203,"""zanga foty"""
204,"""ZANGA FOTY """
205,"""zanga foty tsetsake"""
206,"""zanga J.be"""
207,"""zanga J.m"""
208,"""zanga J.M"""
209,"""ZANGA JOGINY"""
210,"""ZANGA JOMALY"""
211,"""zanga kalalijake"""
212,"""Zanga kida"""
213,"""Zanga mainte"""
214,"""Zanga Mainte"""
215,"""zanga mainte"""
216,"""Zanga potike"""
217,"""ZANGA S.N"""
218,"""ZANGA SONO"""
219,"""Zanga Tarike"""
220,"""Zanga totitsetsake"""
221,"""Zanga Trikitera"""
222,"""zanga trikitera"""
223,"""zanga trokena"""
224,"""zanga ts.k"""
225,"""zanga TS.K"""
226,"""zanga TSE.K"""
227,"""Zanga tsokena"""
228,"""zanga tsokena"""
229,"""ZANGA TSONKENA"""
230,"""Zanga Z.M"""
231,"""zanga Z.M"""
232,"""zanga.b.N"""
233,"""ZANGA.BOZIKE"""
234,"""ZangaBenono"""
235,"""zangabenono"""
236,"""ZangaDorlisy"""
237,"""Zangafotitsetsake"""
238,"""Zangatotitsetsake"""
239,"""Zangatsokena"""
240,"""ZangaTsokena"""
241,"""ZangaZomaly"""
242,"""ZOMALY"""
243,"""zomaly"""
